asama,model,hedef,n,MAE,RMSE,ME,MASE,MASE_payda_n,referansa_gore_iyilesme_pct,ortak_n_referansla
geliştirme,AutoTheta_w120,c12,104,28.11677138906979,48.423965673464274,-1.122098132202572,3.4022729387299706,40,-36.363211201117586,104
geliştirme,AutoTheta_w120,c6,110,9.946790458468795,15.84236565802283,-0.7692815050501002,1.967583807328311,49,9.047510186992259,110
geliştirme,AutoTheta_w120,m1,115,1.5332432784582506,2.3476001490939358,-0.05141433378662227,0.9584003736920502,57,32.09982258039468,115
geliştirme,AutoTheta_w120,m10,106,2.1223842868924936,3.2714064215536056,-0.3391249691716873,1.546289042573624,43,8.681194850211183,106
geliştirme,AutoTheta_w120,m11,105,2.1434363169008597,3.265493428168954,-0.3873042631408653,1.540775607163205,42,8.548928229254148,105
geliştirme,AutoTheta_w120,m12,104,2.0629180268689824,3.198653836408722,-0.43451172753852946,1.537387515893393,40,12.198183671036167,104
geliştirme,AutoTheta_w120,m2,114,1.6760162712199693,2.564294404579763,-0.09333961201105134,1.089785627353344,55,25.39686902953051,114
geliştirme,AutoTheta_w120,m3,113,1.677386053993648,2.58411167146314,-0.11381966951361784,1.1122676954892723,54,25.642443539307358,113
geliştirme,AutoTheta_w120,m4,112,1.891323261983848,2.908443841966382,-0.13841477240103722,1.2757983217367155,52,16.517515650018122,112
geliştirme,AutoTheta_w120,m5,111,1.9210186797154722,2.9364206290539387,-0.17179152102378817,1.354067655015821,51,15.16140369053618,111
geliştirme,AutoTheta_w120,m6,110,1.9059055879425917,2.9398991648214543,-0.21530355383207966,1.3462036525332546,49,16.543981114708096,110
geliştirme,AutoTheta_w120,m7,109,2.0038901145380588,3.1092616174431096,-0.26558227761972775,1.4468341465877457,48,12.532322245842675,109
geliştirme,AutoTheta_w120,m8,108,2.059435309153504,3.195524643749571,-0.2971963062013702,1.461382825157037,46,10.857568507926397,108
geliştirme,AutoTheta_w120,m9,107,2.0853036328270447,3.2517849963073084,-0.31355733184600343,1.548681979921301,45,9.514676114819975,107
geliştirme,AutoTheta_w120,yearend,27,10.32950655720554,16.811660235017392,2.6824030757319566,3.076464113508731,12,-16.925022480903664,27
geliştirme,AutoTheta_w120,yoy1,115,2.154576610092227,3.42693504867495,0.09115543956596589,1.121254562888908,57,32.49950831102421,115
geliştirme,AutoTheta_w120,yoy10,106,23.316768464045246,40.28502571894652,0.09774350542587484,3.046242432955902,43,-25.196582017380287,106
geliştirme,AutoTheta_w120,yoy11,105,26.093918870513527,45.30113573248174,-0.1571621753347254,3.2616420916853692,42,-32.08924436028029,105
geliştirme,AutoTheta_w120,yoy12,104,28.11677138906979,48.423965673464274,-1.122098132202572,3.4022729387299706,40,-36.363211201117586,104
geliştirme,AutoTheta_w120,yoy2,114,3.9869947699241575,6.48608194243733,0.18190328006081763,1.1857024506682416,55,32.94341630972306,114
geliştirme,AutoTheta_w120,yoy3,113,5.838374809153236,9.407423941752441,0.26609784232988093,1.4161256539292424,54,29.202308012283005,113
geliştirme,AutoTheta_w120,yoy4,112,8.13371593024497,13.202153100784617,0.3516293387936578,1.7464697086738228,52,20.009568292848023,112
geliştirme,AutoTheta_w120,yoy5,111,10.378822327913651,17.035347705396212,0.3424362409030854,1.9952770470582641,51,12.620994515002938,111
geliştirme,AutoTheta_w120,yoy6,110,12.46102913072526,20.757848919702273,0.2939782232218143,2.2033322421419816,49,6.843826198359637,110
geliştirme,AutoTheta_w120,yoy7,109,15.024277868694016,25.25585929236298,0.3423992982435956,2.4089354070052833,48,-1.8034080010496112,109
geliştirme,AutoTheta_w120,yoy8,108,17.826835882993695,30.070844568860203,0.3405403204984737,2.5871576062031876,46,-9.921304176023437,108
geliştirme,AutoTheta_w120,yoy9,107,20.493879347564878,34.97140858443488,0.1992126092430497,2.79107942526914,45,-17.446732864010528,107
geliştirme,AutoTheta_w60,c12,104,30.438681944623912,54.61645888267817,1.1761271576797063,3.7247894450035073,40,-47.624218914123226,104
geliştirme,AutoTheta_w60,c6,110,10.63275968875261,16.88398230948589,-0.20858369176675715,2.085916281607677,49,2.7750738981282885,110
geliştirme,AutoTheta_w60,m1,115,1.5347372148524236,2.364886047634327,-0.011623870228665437,0.955341457535604,57,32.03366312113395,115
geliştirme,AutoTheta_w60,m10,106,2.1945161189774223,3.396250410868372,-0.2414945217035606,1.599234466613002,43,5.577613298113803,106
geliştirme,AutoTheta_w60,m11,105,2.228819361001489,3.4093516311129908,-0.2858158700798556,1.5999885829550176,42,4.906006425381138,105
geliştirme,AutoTheta_w60,m12,104,2.1785938836674075,3.377714955618083,-0.33090358962235633,1.628107304835548,40,7.27479350234097,104
geliştirme,AutoTheta_w60,m2,114,1.7308771758914132,2.630840790748869,-0.04539376427322766,1.125983811049716,55,22.954890794210026,114
geliştirme,AutoTheta_w60,m3,113,1.7706861583064593,2.6595783847984755,-0.05805515708905026,1.1751471815729306,54,21.506503719305346,113
geliştirme,AutoTheta_w60,m4,112,2.00210482905407,3.000752686674329,-0.0752184783890519,1.353787800694901,52,11.62764799751248,112
geliştirme,AutoTheta_w60,m5,111,2.032816752020069,3.0325982459078724,-0.10154730854243046,1.4402173752280618,51,10.224027690719906,111
geliştirme,AutoTheta_w60,m6,110,2.016430942859684,3.0387656053707173,-0.138816047367655,1.424927737445767,49,11.704283825598583,110
geliştirme,AutoTheta_w60,m7,109,2.1184284356497516,3.1780037647681323,-0.1828217042963597,1.530679083376639,48,7.532846032642626,109
geliştirme,AutoTheta_w60,m8,108,2.1448211549644722,3.282154293061739,-0.2089173788110811,1.521625443836986,46,7.161651536528247,108
geliştirme,AutoTheta_w60,m9,107,2.2058332897044908,3.373511815716412,-0.22035324440718868,1.6370326755050943,45,4.284663147576517,107
geliştirme,AutoTheta_w60,yearend,27,10.413939167438466,17.31190535321548,3.5103219806237953,3.075746791343327,12,-17.880758826578315,27
geliştirme,AutoTheta_w60,yoy1,115,2.16933650612643,3.47984983779284,0.14975878505175882,1.1213830321592617,57,32.037097164945614,115
geliştirme,AutoTheta_w60,yoy10,106,25.23489305554034,44.850358618408464,1.9492856528470315,3.316181111325658,43,-35.49572115876569,106
geliştirme,AutoTheta_w60,yoy11,105,28.258864296891733,50.89289899548961,1.9607476410549582,3.55764539185264,42,-43.04834969323539,105
geliştirme,AutoTheta_w60,yoy12,104,30.438681944623912,54.61645888267817,1.1761271576797063,3.7247894450035073,40,-47.624218914123226,104
geliştirme,AutoTheta_w60,yoy2,114,4.058197437257857,6.707123525505016,0.3247515305361936,1.2028875126932728,55,31.745870815796064,114
geliştirme,AutoTheta_w60,yoy3,113,6.097669473273305,9.843111761944533,0.519834031590066,1.4729937044851964,54,26.05803167434546,113
geliştirme,AutoTheta_w60,yoy4,112,8.596434147992225,13.9289663642813,0.7434906143673169,1.8383467217420668,52,15.458999977727117,112
geliştirme,AutoTheta_w60,yoy5,111,11.018068968102474,18.129823488905288,0.9052037067573566,2.1051313380370082,51,7.239195509821061,111
geliştirme,AutoTheta_w60,yoy6,110,13.30453488239959,22.277080587212065,1.0597972751574352,2.3356066747949913,49,0.5379450723852708,110
geliştirme,AutoTheta_w60,yoy7,109,16.287911457425906,27.28315432634091,1.3496679348977019,2.6144793158926545,48,-10.365696779371113,109
geliştirme,AutoTheta_w60,yoy8,108,19.34619781076414,32.7762831398443,1.6239727872424181,2.824442165867997,46,-19.289777959710854,108
geliştirme,AutoTheta_w60,yoy9,107,22.171875322996346,38.531892525140385,1.7617353296196159,3.038914658125009,45,-27.063025696182443,107
geliştirme,AutoTheta_wtum,c12,104,20.834602991897786,32.62960078216324,-8.547547727941167,2.610371367646062,40,-1.0455051457310294,104
geliştirme,AutoTheta_wtum,c6,110,8.938191577317975,13.833115673645384,-2.7144518885226647,1.7922256362031437,49,18.270040795865928,110
geliştirme,AutoTheta_wtum,m1,115,1.6547909444276534,2.4295856950771877,-0.23557046266210338,1.0454294557801875,57,26.717044648010546,115
geliştirme,AutoTheta_wtum,m10,106,1.9963651349659983,3.014604219309641,-0.6462326581335965,1.460103295973723,43,14.103360124892262,106
geliştirme,AutoTheta_wtum,m11,105,1.9798018405914184,2.992253653303404,-0.7071289556672273,1.4214265981467094,42,15.530497086303274,105
geliştirme,AutoTheta_wtum,m12,104,1.9155692031341653,2.9803594573081176,-0.7530780425799091,1.4212747362424163,40,18.469637111912483,104
geliştirme,AutoTheta_wtum,m2,114,1.7633220367681623,2.599599889729683,-0.30074453022298947,1.1799978540275924,55,21.510699441852267,114
geliştirme,AutoTheta_wtum,m3,113,1.8273468466810474,2.682231711920696,-0.33838586617733274,1.2358613578560316,54,18.994768078673207,113
geliştirme,AutoTheta_wtum,m4,112,1.8776368515374853,2.7903325891013497,-0.37253669704239645,1.2891188298298735,52,17.12163001209572,112
geliştirme,AutoTheta_wtum,m5,111,1.8911975227547795,2.8359371211807067,-0.4100228426959188,1.3569895609464684,51,16.47840551023951,111
geliştirme,AutoTheta_wtum,m6,110,1.9283742835785107,2.8717448600285325,-0.453435704853561,1.3732005588466347,49,15.560119217675028,110
geliştirme,AutoTheta_wtum,m7,109,1.9696792897803999,2.947082270090099,-0.5099131488741958,1.4268352894145384,48,14.025588455350702,109
geliştirme,AutoTheta_wtum,m8,108,2.02172928427078,2.991076177408543,-0.5673409966405798,1.4376734913710965,46,12.489669659638803,108
geliştirme,AutoTheta_wtum,m9,107,2.0152465974621725,2.9989322002598806,-0.5997468673984231,1.4896103014185542,45,12.554585236750581,107
geliştirme,AutoTheta_wtum,yearend,27,8.559435610520435,13.665494039036425,-0.11230339741827085,2.5373384118938542,12,3.111325246624308,27
geliştirme,AutoTheta_wtum,yoy1,115,2.2905604766202847,3.515484296734926,-0.17017535190913263,1.2069711868509376,57,28.239284836297518,115
geliştirme,AutoTheta_wtum,yoy10,106,17.83206885763334,28.16360468958622,-5.922371597119821,2.3965975431399884,43,4.2528524174852755,106
geliştirme,AutoTheta_wtum,yoy11,105,19.386754198352868,30.53243672643379,-7.10437489915509,2.4937750337143263,42,1.8628928308411674,105
geliştirme,AutoTheta_wtum,yoy12,104,20.834602991897786,32.62960078216324,-8.547547727941167,2.610371367646062,40,-1.0455051457310294,104
geliştirme,AutoTheta_wtum,yoy2,114,4.187587422774257,6.321645696657745,-0.44964482827529967,1.2640032090725668,55,29.569682761095095,114
geliştirme,AutoTheta_wtum,yoy3,113,5.860012964158244,8.967836706075238,-0.8093252653412122,1.458019323364779,54,28.939917966541973,113
geliştirme,AutoTheta_wtum,yoy4,112,7.496733982221258,11.832746552374832,-1.2380371807249395,1.6547769050597636,52,26.273920459686583,112
geliştirme,AutoTheta_wtum,yoy5,111,9.353312197706924,14.594814445733606,-1.788725535934837,1.8206889667387616,51,21.254734689093258,111
geliştirme,AutoTheta_wtum,yoy6,110,10.956136061823774,17.2949385557776,-2.4047921195613142,1.9761764405015743,49,18.09410727938231,110
geliştirme,AutoTheta_wtum,yoy7,109,12.797812587219408,20.14687179243224,-3.0603656980739085,2.1178172244928315,48,13.282957908251426,109
geliştirme,AutoTheta_wtum,yoy8,108,14.614151829999273,22.91510305579673,-3.8667359995834243,2.1848996128402103,46,9.88829206015146,108
geliştirme,AutoTheta_wtum,yoy9,107,16.2363150285658,25.514443725315182,-4.867225692115777,2.2779979405604434,45,6.952601724842844,107
geliştirme,BIRLESIM_mean_3,c12,104,17.935571374386836,30.022733876361077,-12.372399541960023,2.2570620785306064,40,13.014475471070586,104
geliştirme,BIRLESIM_mean_3,c6,110,7.723182662216834,12.983304082738893,-3.9659069145255343,1.5778342593070949,49,29.379964789425316,110
geliştirme,BIRLESIM_mean_3,m1,115,1.4183601818084692,2.2227618918627594,-0.25253464434269207,0.8910089449656478,57,37.18745789217487,115
geliştirme,BIRLESIM_mean_3,m10,106,1.688488797562926,2.7865087258443317,-0.7580262422648817,1.2679580877805616,43,27.35020681480367,106
geliştirme,BIRLESIM_mean_3,m11,105,1.7030787813428805,2.8159731026311583,-0.8482186749699053,1.260470709408908,42,27.33706215773427,105
geliştirme,BIRLESIM_mean_3,m12,104,1.7177034458325775,2.8474420262642375,-0.9209886104834617,1.2958442347370376,40,26.891189812556327,104
geliştirme,BIRLESIM_mean_3,m2,114,1.4950429021350913,2.4420364823028122,-0.42655780072779237,0.9996427519488081,55,33.452387456078235,114
geliştirme,BIRLESIM_mean_3,m3,113,1.5498519675484814,2.478399954866338,-0.4876308123541114,1.050675371971245,54,31.295956045227612,113
geliştirme,BIRLESIM_mean_3,m4,112,1.5744404688124134,2.616394318974071,-0.5243945407786584,1.0871545111120462,52,30.504634274025587,112
geliştirme,BIRLESIM_mean_3,m5,111,1.6097619524071107,2.662180398043561,-0.6232874148596733,1.1584652530066808,51,28.907539589969556,111
geliştirme,BIRLESIM_mean_3,m6,110,1.6143542706691045,2.6672494066615005,-0.6514340912807784,1.1606405629821857,49,29.310464614383303,110
geliştirme,BIRLESIM_mean_3,m7,109,1.603301196937495,2.707252114294602,-0.6849961795030759,1.182063334327812,48,30.01760355062617,109
geliştirme,BIRLESIM_mean_3,m8,108,1.6593806576856354,2.7606008719248525,-0.7819647903395377,1.2106483314857877,46,28.173890221482935,108
geliştirme,BIRLESIM_mean_3,m9,107,1.6767569350416047,2.7690383490665984,-0.7664139907496769,1.27699693147245,45,27.2423008546376,107
geliştirme,BIRLESIM_mean_3,yearend,27,6.233927277858451,9.411944136872805,-1.3096653076635425,2.078057054640075,12,29.43495576761519,27
geliştirme,BIRLESIM_mean_3,yoy1,115,1.9760377164554839,3.1853225526836484,-0.3526085518571386,1.0333924410304287,57,38.09293351096177,115
geliştirme,BIRLESIM_mean_3,yoy10,106,15.10083671952361,25.50291089296796,-9.557943708177753,2.0557667670625652,43,18.917874670231715,106
geliştirme,BIRLESIM_mean_3,yoy11,105,16.417260011766285,27.774890971496966,-10.837310105394696,2.1436281105909365,42,16.894680320672805,105
geliştirme,BIRLESIM_mean_3,yoy12,104,17.935571374386836,30.022733876361077,-12.372399541960023,2.2570620785306064,40,13.014475471070586,104
geliştirme,BIRLESIM_mean_3,yoy2,114,3.4709467684880995,5.797927921919176,-0.9997772333348869,1.0586266418066639,55,41.62273945745708,114
geliştirme,BIRLESIM_mean_3,yoy3,113,4.981920375765393,8.110892572283277,-1.7687950813252549,1.2588547828544128,54,39.58790317507478,113
geliştirme,BIRLESIM_mean_3,yoy4,112,6.46968554024987,10.72770054210443,-2.6150540213319657,1.4647256122951124,52,36.37435290188215,112
geliştirme,BIRLESIM_mean_3,yoy5,111,7.900441082878252,13.298321676391213,-3.6452920084922993,1.5977589149495353,51,33.48641465245264,111
geliştirme,BIRLESIM_mean_3,yoy6,110,9.250175039984384,15.670738826836034,-4.7347903849013235,1.7200003818231928,49,30.84753236025639,110
geliştirme,BIRLESIM_mean_3,yoy7,109,10.69095720938593,18.142120182210146,-5.8157780558867795,1.7994413599245285,48,27.5588558584423,109
geliştirme,BIRLESIM_mean_3,yoy8,108,12.025581191509309,20.66663390118732,-7.046064076031153,1.8353053988771224,46,25.849568778137122,108
geliştirme,BIRLESIM_mean_3,yoy9,107,13.618158355995643,23.126046233617423,-8.308995099928069,1.9360881707584974,45,21.956786247672632,107
geliştirme,BIRLESIM_median_3,c12,104,18.045955978334916,30.31536466694382,-12.44299212420494,2.3070279400101223,40,12.479122430238332,104
geliştirme,BIRLESIM_median_3,c6,110,7.857726369623296,13.244229348398555,-4.006933286606868,1.6131307420019647,49,28.14971014312665,110
geliştirme,BIRLESIM_median_3,m1,115,1.4277099954514847,2.253546990746089,-0.2785984641175554,0.8968973509505321,57,36.77339835307853,115
geliştirme,BIRLESIM_median_3,m10,106,1.6969414880351783,2.806296784098644,-0.7536261051487504,1.2714256039189158,43,26.986516978333352,106
geliştirme,BIRLESIM_median_3,m11,105,1.7089217383367583,2.8354796350761626,-0.8383364103382916,1.2625153793365458,42,27.08776868669096,105
geliştirme,BIRLESIM_median_3,m12,104,1.7584784693655497,2.883975699364288,-0.9058326038146896,1.3191233777376334,40,25.155725251957683,104
geliştirme,BIRLESIM_median_3,m2,114,1.5266321154444566,2.4561146294975345,-0.45213524121024096,1.0291291545049854,55,32.046282838694495,114
geliştirme,BIRLESIM_median_3,m3,113,1.580744139538395,2.534359247018024,-0.5091935476010063,1.077811535093464,54,29.926523875773015,113
geliştirme,BIRLESIM_median_3,m4,112,1.6212229167238001,2.665479016527674,-0.5232955564839488,1.123184825764332,52,28.439669995248828,112
geliştirme,BIRLESIM_median_3,m5,111,1.637928730221088,2.697733553358523,-0.5993290459821359,1.1779573483812713,51,27.6636006748871,111
geliştirme,BIRLESIM_median_3,m6,110,1.6484840384263797,2.7105536359884335,-0.6520476865679325,1.181181246209324,49,27.815986314659902,110
geliştirme,BIRLESIM_median_3,m7,109,1.6313879617036928,2.7251644265949864,-0.6873165498341123,1.1922125760477615,48,28.79164606328515,109
geliştirme,BIRLESIM_median_3,m8,108,1.6577284079580774,2.766126862074826,-0.8143710609762855,1.1980384094106,46,28.24540766973295,108
geliştirme,BIRLESIM_median_3,m9,107,1.6978764062677574,2.788331524811644,-0.7878257441072173,1.284835824290351,45,26.32588649458999,107
geliştirme,BIRLESIM_median_3,yearend,27,6.233669837572784,9.365685283400984,-1.4345467092468918,2.0675849637415507,12,29.437869867240607,27
geliştirme,BIRLESIM_median_3,yoy1,115,1.9794184367277,3.215641714782543,-0.38028923663892283,1.0373275277910123,57,37.987019300453504,115
geliştirme,BIRLESIM_median_3,yoy10,106,15.077242014624535,25.777190121108454,-9.66668045841296,2.087528604360461,43,19.04456359848642,106
geliştirme,BIRLESIM_median_3,yoy11,105,16.483876297680368,28.06458185463127,-10.956411962807897,2.1876471019250046,42,16.557464017052613,105
geliştirme,BIRLESIM_median_3,yoy12,104,18.045955978334916,30.31536466694382,-12.44299212420494,2.3070279400101223,40,12.479122430238332,104
geliştirme,BIRLESIM_median_3,yoy2,114,3.537069488787711,5.82098343318745,-1.0722554373506847,1.0843660668966733,55,40.51063272457465,114
geliştirme,BIRLESIM_median_3,yoy3,113,5.112925425229621,8.26398044433422,-1.8747628075796288,1.2957874393534294,54,37.99930096230434,113
geliştirme,BIRLESIM_median_3,yoy4,112,6.690951346505076,10.913265486760066,-2.7127803373618193,1.5190656179150197,52,34.198330587336926,112
geliştirme,BIRLESIM_median_3,yoy5,111,8.097428680978638,13.526837703800716,-3.700760837986239,1.6452051695312926,51,31.827981752161328,111
geliştirme,BIRLESIM_median_3,yoy6,110,9.41708036032197,15.983787285781363,-4.783805238312479,1.7629859937845116,49,29.599781402717174,110
geliştirme,BIRLESIM_median_3,yoy7,109,10.854806760952973,18.4589317777163,-5.867539286642689,1.8401541957572392,48,26.448623280560756,109
geliştirme,BIRLESIM_median_3,yoy8,108,12.15356357565585,20.933844043631435,-7.153073820575559,1.8760883818323115,46,25.060421973326676,108
geliştirme,BIRLESIM_median_3,yoy9,107,13.690434943545707,23.398859934440907,-8.446416571906722,1.9706333111320216,45,21.542582136954902,107
geliştirme,ETS_damped_seasonal_w120,c12,104,30.19470753771341,54.632164043100445,-1.116930400945334,3.7412476230826455,40,-46.44097020050537,104
geliştirme,ETS_damped_seasonal_w120,c6,110,10.23887549092175,16.947639693331503,-1.102997712716432,2.0738726731696344,49,6.376712903222092,110
geliştirme,ETS_damped_seasonal_w120,m1,115,1.5895562716944813,2.433587262380417,-0.12226248651506479,1.0263532951048773,57,29.605983353775688,115
geliştirme,ETS_damped_seasonal_w120,m10,106,2.272282433774603,3.4098213283790506,-0.39805972875608275,1.6399108739567125,43,2.2315995756985063,106
geliştirme,ETS_damped_seasonal_w120,m11,105,2.2500547705523575,3.387604024164715,-0.4368945879059754,1.6013642784861402,42,3.9999841901483424,105
geliştirme,ETS_damped_seasonal_w120,m12,104,2.1509631300509855,3.364361049555252,-0.46832332758126116,1.5733598716194168,40,8.450812288575571,104
geliştirme,ETS_damped_seasonal_w120,m2,114,1.7793434672446786,2.7160013888615597,-0.15568579534007407,1.1995722785434704,55,20.79755071131888,114
geliştirme,ETS_damped_seasonal_w120,m3,113,1.7950579665310449,2.6964902107458553,-0.17013694803142915,1.2209636740872456,54,20.42611551541268,113
geliştirme,ETS_damped_seasonal_w120,m4,112,2.0065203887644474,3.017692580034944,-0.19670450473797302,1.3833996566838933,52,11.432746416261196,112
geliştirme,ETS_damped_seasonal_w120,m5,111,1.9909169161629376,3.048991773895931,-0.22607194615813134,1.4344287021985327,51,12.074464283164943,111
geliştirme,ETS_damped_seasonal_w120,m6,110,1.9526081013548644,3.009376685878767,-0.2674925390915485,1.390420829220121,49,14.498965943976238,110
geliştirme,ETS_damped_seasonal_w120,m7,109,2.060044537050543,3.1746876625396356,-0.3139011603171573,1.490297577309151,48,10.081241272310837,109
geliştirme,ETS_damped_seasonal_w120,m8,108,2.105974029193941,3.324566676688326,-0.3484060964988519,1.4951195014321803,46,8.843145115021345,108
geliştirme,ETS_damped_seasonal_w120,m9,107,2.185022215767003,3.3995799725326963,-0.3645866175001803,1.6068674766391948,45,5.187695557815553,107
geliştirme,ETS_damped_seasonal_w120,yearend,27,10.37327596121505,16.8929947946709,2.234043893999524,3.1083823327864235,12,-17.420470982673343,27
geliştirme,ETS_damped_seasonal_w120,yoy1,115,2.2154541959187393,3.5515175496325226,0.02327743497651222,1.1912023082289365,57,30.592281175595726,115
geliştirme,ETS_damped_seasonal_w120,yoy10,106,24.785476747264433,44.89709882518898,-0.12790871964967793,3.3040913035408543,43,-33.08263438021941,106
geliştirme,ETS_damped_seasonal_w120,yoy11,105,27.777259817983282,50.70072980157347,-0.3014199914824353,3.5485905534636757,42,-40.61043410013414,105
geliştirme,ETS_damped_seasonal_w120,yoy12,104,30.19470753771341,54.632164043100445,-1.116930400945334,3.7412476230826455,40,-46.44097020050537,104
geliştirme,ETS_damped_seasonal_w120,yoy2,114,4.22752398981778,6.887610764285465,0.06692953542956764,1.299998124922606,55,28.89799646482556,114
geliştirme,ETS_damped_seasonal_w120,yoy3,113,6.144593299967254,10.029028748171699,0.1280580287281365,1.5406917664736033,54,25.489020821538453,113
geliştirme,ETS_damped_seasonal_w120,yoy4,112,8.356384408798181,14.081472846964537,0.16510101746445813,1.850625895294166,52,17.819751500646674,112
geliştirme,ETS_damped_seasonal_w120,yoy5,111,10.604753279550177,18.2401162182879,0.12389385041399494,2.0917851776515324,51,10.718888357044731,111
geliştirme,ETS_damped_seasonal_w120,yoy6,110,12.84555105409751,22.320822297222126,0.03674275567476286,2.325436988072268,49,3.969216826338884,110
geliştirme,ETS_damped_seasonal_w120,yoy7,109,15.588880119565964,27.205616124727644,0.03517810264830402,2.5612726004366104,48,-5.629111559394673,109
geliştirme,ETS_damped_seasonal_w120,yoy8,108,18.62095258119606,32.75058483852634,0.039872193335619456,2.7654430519788438,46,-14.817873803257985,108
geliştirme,ETS_damped_seasonal_w120,yoy9,107,21.705554806972682,38.6213726870323,-0.018184307160632237,3.0136528080283194,45,-24.390626774260117,107
geliştirme,ETS_damped_seasonal_w60,c12,104,32.29898855523625,58.59151785512044,2.2952847884774745,4.047083253845616,40,-56.64649888117452,104
geliştirme,ETS_damped_seasonal_w60,c6,110,10.985675911642641,17.834023512099357,0.1579619185010664,2.228846826492086,49,-0.45195790688188353,110
geliştirme,ETS_damped_seasonal_w60,m1,115,1.6718930520325637,2.492704964562453,0.02321559622636802,1.0711520781885246,57,25.959672248641375,115
geliştirme,ETS_damped_seasonal_w60,m10,106,2.3630426412973393,3.545294415516652,-0.17331789660679334,1.6915654777890807,43,-1.6734961024542416,106
geliştirme,ETS_damped_seasonal_w60,m11,105,2.3744864078713697,3.554216590480841,-0.21681500242869017,1.6962562076963166,42,-1.308970643399321,105
geliştirme,ETS_damped_seasonal_w60,m12,104,2.2633991536490305,3.5000431327339325,-0.2522705653348359,1.666561021325626,40,3.6653157423564897,104
geliştirme,ETS_damped_seasonal_w60,m2,114,1.879263168909383,2.76712883435742,0.0008897401765562915,1.265033847138499,55,16.349907381223883,114
geliştirme,ETS_damped_seasonal_w60,m3,113,1.9535086214221433,2.8420861109687636,-0.00627058685097014,1.3248667209737655,54,13.402089359211434,113
geliştirme,ETS_damped_seasonal_w60,m4,112,2.1239826595457534,3.174417548582562,-0.02676061489312379,1.46649316936084,52,6.247994354401632,112
geliştirme,ETS_damped_seasonal_w60,m5,111,2.077640899035668,3.158963185816527,-0.047701530656116806,1.50728356490638,51,8.244443757608078,111
geliştirme,ETS_damped_seasonal_w60,m6,110,2.079479815045722,3.152280085891162,-0.07608425294074928,1.4948580220875658,49,8.943492367122175,110
geliştirme,ETS_damped_seasonal_w60,m7,109,2.2147290347300492,3.3157344006174965,-0.1126383505139334,1.602843557528158,48,3.329427039366395,109
geliştirme,ETS_damped_seasonal_w60,m8,108,2.2564213861614837,3.4596374274106076,-0.14205274728579675,1.6006427621472727,46,2.3310477687079056,108
geliştirme,ETS_damped_seasonal_w60,m9,107,2.3615084756913283,3.5438032114989375,-0.14883228061678053,1.739341193717583,45,-2.4703817308558085,107
geliştirme,ETS_damped_seasonal_w60,yearend,27,10.274481263523937,17.5046143282158,3.2404959202025094,3.1799339255628016,12,-16.302162747468294,27
geliştirme,ETS_damped_seasonal_w60,yoy1,115,2.3325603631527754,3.6735469843275417,0.20749778209931338,1.2439564493473014,57,26.923475048636746,115
geliştirme,ETS_damped_seasonal_w60,yoy10,106,26.74042101898137,47.80451116132273,2.8933833321589226,3.5914039371304614,43,-43.57947236318553,106
geliştirme,ETS_damped_seasonal_w60,yoy11,105,29.89520445230991,54.18598958855557,2.933541124558458,3.8502078397140456,42,-51.33161813283395,105
geliştirme,ETS_damped_seasonal_w60,yoy12,104,32.29898855523625,58.59151785512044,2.2952847884774745,4.047083253845616,40,-56.64649888117452,104
geliştirme,ETS_damped_seasonal_w60,yoy2,114,4.453218560194448,7.073133339257941,0.4819134920585349,1.3685525557146165,55,25.10207805503242,114
geliştirme,ETS_damped_seasonal_w60,yoy3,113,6.526089404026038,10.413872708087144,0.7997578420638205,1.62358729515366,54,20.86289719081097,113
geliştirme,ETS_damped_seasonal_w60,yoy4,112,8.83481179310401,14.715005893152023,1.0723379977706387,1.9601616905734551,52,13.11469254120572,112
geliştirme,ETS_damped_seasonal_w60,yoy5,111,11.15758562190736,19.10225137187064,1.2927562654718034,2.215709517135528,51,6.0646088300511884,111
geliştirme,ETS_damped_seasonal_w60,yoy6,110,13.760588017739853,23.59443970188243,1.5858084604088958,2.5045159404886355,49,-2.8714174042489438,110
geliştirme,ETS_damped_seasonal_w60,yoy7,109,16.924008343867932,28.8964695596791,1.9550092771073275,2.8130150054685905,48,-14.675842759404434,109
geliştirme,ETS_damped_seasonal_w60,yoy8,108,20.12421083088015,34.924623993684556,2.334634937519873,3.0324152684788452,46,-24.08705137370253,108
geliştirme,ETS_damped_seasonal_w60,yoy9,107,23.572799421310997,41.22771002240317,2.697858125454476,3.307607802808113,45,-35.09146948406225,107
geliştirme,ETS_damped_seasonal_wtum,c12,104,19.918087802216704,31.672383719633455,-9.311343782402751,2.5311272388876387,40,3.399491495245277,104
geliştirme,ETS_damped_seasonal_wtum,c6,110,8.712364901969588,13.787102674407025,-2.9881784709326475,1.7638060001655944,49,20.334978071350807,110
geliştirme,ETS_damped_seasonal_wtum,m1,115,1.6701382189955627,2.46588502815078,-0.27548003169105506,1.0595273009277726,57,26.037385600611163,115
geliştirme,ETS_damped_seasonal_wtum,m10,106,1.9455575492361843,2.962575277917473,-0.653107249365044,1.4272528948029206,43,16.289433613113058,106
geliştirme,ETS_damped_seasonal_wtum,m11,105,1.9332074195281739,2.9478964053402548,-0.7056812597168267,1.393259738507761,42,17.518477653382668,105
geliştirme,ETS_damped_seasonal_wtum,m12,104,1.886531078700533,2.9410294668411616,-0.7524527272745523,1.3987595415608478,40,19.705556346148413,104
geliştirme,ETS_damped_seasonal_wtum,m2,114,1.7616412222425348,2.6085850800613923,-0.3336751783452744,1.1850797717504533,55,21.58551615356663,114
geliştirme,ETS_damped_seasonal_wtum,m3,113,1.819508030732589,2.682692376723518,-0.36975309224320996,1.2335637713177912,54,19.342258269190005,113
geliştirme,ETS_damped_seasonal_wtum,m4,112,1.8573992911202761,2.774301656586762,-0.4023804431634733,1.2775745255345399,52,18.01491031735636,112
geliştirme,ETS_damped_seasonal_wtum,m5,111,1.8795837246159224,2.816445876219922,-0.43270980797553243,1.3476444632798028,51,16.99130959718366,111
geliştirme,ETS_damped_seasonal_wtum,m6,110,1.9093037662987562,2.851203385764513,-0.4727457044328725,1.3561070492528693,49,16.395181279678596,110
geliştirme,ETS_damped_seasonal_wtum,m7,109,1.9372532027110991,2.910409778915269,-0.5307620896001468,1.4021399775329824,48,15.44095275802838,109
geliştirme,ETS_damped_seasonal_wtum,m8,108,1.9627905802056083,2.9439080724990396,-0.5826908154250318,1.401640443263028,46,15.040825001109914,108
geliştirme,ETS_damped_seasonal_wtum,m9,107,1.9406187920922835,2.9476855097129735,-0.6107594886909936,1.441761986463443,45,15.792828835156403,107
geliştirme,ETS_damped_seasonal_wtum,yearend,27,8.31621793925912,12.962188666022492,-0.694288371652734,2.4765859630636182,12,5.864431750065624,27
geliştirme,ETS_damped_seasonal_wtum,yoy1,115,2.3106715344743964,3.5558617286293357,-0.24190190703037887,1.2228072059412805,57,27.60922773497222,115
geliştirme,ETS_damped_seasonal_wtum,yoy10,106,17.051756622275697,27.434574089143865,-6.696174487254993,2.3196587076762794,43,8.442645052076204,106
geliştirme,ETS_damped_seasonal_wtum,yoy11,105,18.460388099199506,29.671117904225216,-7.896314748850106,2.406230150087127,42,6.552222886834402,105
geliştirme,ETS_damped_seasonal_wtum,yoy12,104,19.918087802216704,31.672383719633455,-9.311343782402751,2.5311272388876387,40,3.399491495245277,104
geliştirme,ETS_damped_seasonal_wtum,yoy2,114,4.213592394358855,6.366329517348723,-0.5939041726846532,1.2802125020002986,55,29.13230958805253,114
geliştirme,ETS_damped_seasonal_wtum,yoy3,113,5.879205472312739,9.008481941149366,-1.0333413700643952,1.4649179299124053,54,28.707184487584193,113
geliştirme,ETS_damped_seasonal_wtum,yoy4,112,7.477426599404452,11.805815627164826,-1.5502639648533652,1.6574129940078621,52,26.463797497426334,112
geliştirme,ETS_damped_seasonal_wtum,yoy5,111,9.085553540176864,14.483616626916326,-2.182968646191056,1.7918891943458937,51,23.508987095173094,111
geliştirme,ETS_damped_seasonal_wtum,yoy6,110,10.63475498817445,17.093297093738347,-2.882197649823736,1.9396766941700878,49,20.496688225093628,110
geliştirme,ETS_damped_seasonal_wtum,yoy7,109,12.342120387891121,19.821864122375867,-3.63641530003066,2.0687978506359728,48,16.370694922739006,109
geliştirme,ETS_damped_seasonal_wtum,yoy8,108,14.06227495341243,22.461017030323585,-4.529850502492306,2.1239061563945163,46,13.29119689515288,108
geliştirme,ETS_damped_seasonal_wtum,yoy9,107,15.547900463130194,24.954641589223684,-5.591174561708094,2.2041520297259196,45,10.897781658578365,107
geliştirme,ElasticNet_wtum,c12,104,17.320537646760247,28.76398105612885,-8.460098898519865,2.2389937529527146,40,15.997320582823294,104
geliştirme,ElasticNet_wtum,c6,110,8.037180835081136,12.93902601808281,-2.6228220850153727,1.6311939233111914,49,26.508795869361446,110
geliştirme,ElasticNet_wtum,m1,115,1.4336705023043184,2.2178513005028395,-0.14303547339264702,0.9015030376759735,57,36.5094353678795,115
geliştirme,ElasticNet_wtum,m10,106,1.6840930446292688,2.6985103353541793,-0.45110641284237707,1.2679169523186804,43,27.539340756340238,106
geliştirme,ElasticNet_wtum,m11,105,1.7044009144517542,2.7272571896270588,-0.5469133728333255,1.2591778236264697,42,27.280652508948943,105
geliştirme,ElasticNet_wtum,m12,104,1.7098672030960138,2.738332842384459,-0.6606281467539249,1.282827958684897,40,27.224715593272506,104
geliştirme,ElasticNet_wtum,m2,114,1.5793815990592615,2.4986144087386672,-0.24246646028617336,1.0484436381619722,55,29.698288548713382,114
geliştirme,ElasticNet_wtum,m3,113,1.6412248272344083,2.5871211333054704,-0.31791413703784704,1.1038261352294987,54,27.24544986813442,113
geliştirme,ElasticNet_wtum,m4,112,1.6529711139037222,2.6053633661445836,-0.22434319416381648,1.1286511451319285,52,27.038313374999312,112
geliştirme,ElasticNet_wtum,m5,111,1.701049957529847,2.658213942598894,-0.40111555304003205,1.2150370779010404,51,24.875956609396354,111
geliştirme,ElasticNet_wtum,m6,110,1.6826383785052406,2.656640332132861,-0.4294372398244252,1.204976420507656,49,26.320432039218034,110
geliştirme,ElasticNet_wtum,m7,109,1.6966979132766886,2.68530619348176,-0.3720378489534104,1.224693452613728,48,25.940935958533085,109
geliştirme,ElasticNet_wtum,m8,108,1.6950335072700484,2.714228277952202,-0.5269717129969176,1.2206119125263553,46,26.630660537379825,108
geliştirme,ElasticNet_wtum,m9,107,1.6538089565046203,2.670166431392557,-0.4231242719467342,1.2609208302713446,45,28.238057653667457,107
geliştirme,ElasticNet_wtum,yearend,27,6.871357848436718,10.017716841004829,-0.41776387693658174,2.190493257363275,12,22.219549747771172,27
geliştirme,ElasticNet_wtum,yoy1,115,1.9932335702103,3.182669299822133,-0.19293090176473976,1.045985911199295,57,37.55420651558604,115
geliştirme,ElasticNet_wtum,yoy10,106,14.995722874876389,24.822910140639323,-6.38064794807571,2.080615089404326,43,19.48227080826562,106
geliştirme,ElasticNet_wtum,yoy11,105,16.174914806802743,26.833076112523095,-7.318950493081206,2.1580453180960455,42,18.121448716666578,105
geliştirme,ElasticNet_wtum,yoy12,104,17.320537646760247,28.76398105612885,-8.460098898519865,2.2389937529527146,40,15.997320582823294,104
geliştirme,ElasticNet_wtum,yoy2,114,3.723285427602466,5.89674993493057,-0.5806641398904002,1.1357677230580798,55,37.37869867244329,114
geliştirme,ElasticNet_wtum,yoy3,113,5.34446882948822,8.438140276288646,-1.1009432660586653,1.347158928102517,54,35.191543812011815,113
geliştirme,ElasticNet_wtum,yoy4,112,6.914541558089224,11.004812043014633,-1.558819898833752,1.5627477046364184,52,31.99944907936535,112
geliştirme,ElasticNet_wtum,yoy5,111,8.408046251426804,13.396177876889551,-2.2690581594966104,1.6831586825893572,51,29.212901395796585,111
geliştirme,ElasticNet_wtum,yoy6,110,9.662509000913492,15.746524345390148,-3.053768927943421,1.7848562658697704,49,27.76500573058026,110
geliştirme,ElasticNet_wtum,yoy7,109,11.075786795578528,18.162241969772932,-3.749866080093664,1.8579790545950974,48,24.95127872785202,109
geliştirme,ElasticNet_wtum,yoy8,108,12.352461070964297,20.530283755386748,-4.657834553356547,1.8913359644932084,46,23.834008479359092,108
geliştirme,ElasticNet_wtum,yoy9,107,13.731807919446604,22.717079287907758,-5.4960557905618,1.9627777304900953,45,21.305481060774355,107
geliştirme,LightGBM_sepet_wtum,c12,104,24.933025485458664,38.05309370596556,-19.88253437233764,2.7747958644090085,40,-20.92239799190296,104
geliştirme,LightGBM_sepet_wtum,c6,110,10.894195364617579,17.005920989325702,-8.080055570803946,1.933930592811792,49,0.38453136632897733,110
geliştirme,LightGBM_sepet_wtum,m1,115,1.7783083558469515,2.8803324423361,-1.0603598426075738,1.0995609226104543,57,21.247035897530907,115
geliştirme,LightGBM_sepet_wtum,m10,106,1.916164727236071,3.0583439131950443,-1.2074874125268893,1.3776978556058495,43,17.554104390034773,106
geliştirme,LightGBM_sepet_wtum,m11,105,1.91963578146923,3.0671314135707517,-1.2518586398098759,1.3678919263179428,42,18.097520210602003,105
geliştirme,LightGBM_sepet_wtum,m12,104,1.9407412780087507,3.0880312695197736,-1.2654384920880248,1.4118980308569467,40,17.398264490232627,104
geliştirme,LightGBM_sepet_wtum,m2,114,1.784573090728352,2.9037911593920502,-1.1041730071146314,1.1651269536741702,55,20.56476879125152,114
geliştirme,LightGBM_sepet_wtum,m3,113,1.8097619509201406,2.934569313561642,-1.1194218350679224,1.1976042497418309,54,19.774296366918986,113
geliştirme,LightGBM_sepet_wtum,m4,112,1.8413012197610246,2.967796934579232,-1.1368233068892022,1.2242967449863806,52,18.725474723413505,112
geliştirme,LightGBM_sepet_wtum,m5,111,1.8539718118233572,2.985329830469991,-1.1482725661459348,1.2787290791398216,51,18.122417146040736,111
geliştirme,LightGBM_sepet_wtum,m6,110,1.8623553223520428,2.994540310481224,-1.1302551876939115,1.2722464307911117,49,18.450965285685715,110
geliştirme,LightGBM_sepet_wtum,m7,109,1.8624505867624845,3.005315545614666,-1.1728577316656643,1.308222453049525,48,18.7060075928688,109
geliştirme,LightGBM_sepet_wtum,m8,108,1.8836973991363064,3.0357343619577395,-1.2238696015564288,1.3227336745891476,46,18.464364669301002,108
geliştirme,LightGBM_sepet_wtum,m9,107,1.8997894024529856,3.0558489507494726,-1.2214133943495922,1.3876046943824496,45,17.564494355413284,107
geliştirme,LightGBM_sepet_wtum,yearend,27,7.746934956976243,12.087035354214338,-5.7198394722650905,2.3256735840366445,12,12.308440002811128,27
geliştirme,LightGBM_sepet_wtum,yoy1,115,2.56044734758656,4.336896198347492,-1.7395791071821578,1.298512362856732,57,19.784028984502612,115
geliştirme,LightGBM_sepet_wtum,yoy10,106,21.114411632501668,33.07837091123668,-16.904113524555363,2.4938538181991228,43,-13.371292071345998,106
geliştirme,LightGBM_sepet_wtum,yoy11,105,23.026634951385585,35.628660175397144,-18.40803274090102,2.632548367359856,42,-16.562438397306313,105
geliştirme,LightGBM_sepet_wtum,yoy12,104,24.933025485458664,38.05309370596556,-19.88253437233764,2.7747958644090085,40,-20.92239799190296,104
geliştirme,LightGBM_sepet_wtum,yoy2,114,4.926154793818196,8.01519659652186,-3.5153431272342823,1.4240063717453295,55,17.147844362682086,114
geliştirme,LightGBM_sepet_wtum,yoy3,113,7.156743721189582,11.523117492657395,-5.294628522192341,1.6499798773291092,54,13.215414533947389,113
geliştirme,LightGBM_sepet_wtum,yoy4,112,9.319906639757079,14.99018292554194,-7.061146502554938,1.8651873321273196,52,8.344062913189553,112
geliştirme,LightGBM_sepet_wtum,yoy5,111,11.440539850496728,18.32690775643563,-8.816417984467693,2.0186680674079183,51,3.6824253500027715,111
geliştirme,LightGBM_sepet_wtum,yoy6,110,13.522172667419067,21.493312469449528,-10.488260677001795,2.1511862023345225,49,-1.089071694399113,110
geliştirme,LightGBM_sepet_wtum,yoy7,109,15.390262560783992,24.540034832334676,-12.125054288345044,2.2139332247471066,48,-4.283293507467811,109
geliştirme,LightGBM_sepet_wtum,yoy8,108,17.26788947139382,27.502817467780957,-13.776278927751232,2.2507226464313277,46,-6.474808178033187,108
geliştirme,LightGBM_sepet_wtum,yoy9,107,19.20076970700373,30.37562063282684,-15.386750013619887,2.34795807899466,45,-10.03615432281757,107
geliştirme,LightGBM_w120,c12,104,25.23825132704303,38.93641440901927,-24.602087661428335,2.9779532123311263,40,-22.40270934501187,104
geliştirme,LightGBM_w120,c6,110,10.740302225069808,17.244333908215708,-10.045442913486024,2.064181569266971,49,1.7917153484840687,110
geliştirme,LightGBM_w120,m1,115,1.7771320192804896,2.9065865855728,-1.3489417051882948,1.1000242991072722,57,21.299130345091932,115
geliştirme,LightGBM_w120,m10,106,1.929148939360534,3.124163786444472,-1.5714915073237263,1.414728940994156,43,16.99543895685187,106
geliştirme,LightGBM_w120,m11,105,1.9445696919875037,3.1443301887554114,-1.6153014447977836,1.4087108901802559,42,17.033699082653143,105
geliştirme,LightGBM_w120,m12,104,1.9696255168677435,3.168202906980284,-1.6386082655946472,1.4530896499304635,40,16.168894926310408,104
geliştirme,LightGBM_w120,m2,114,1.7889967447418362,2.9329712358721767,-1.391385284469621,1.1649390066398229,55,20.367862325960584,114
geliştirme,LightGBM_w120,m3,113,1.805918153815597,2.9596646884622104,-1.4076102531294752,1.1991772719670803,54,19.944689675927407,113
geliştirme,LightGBM_w120,m4,112,1.8241524968545875,2.987354027910176,-1.4263063053954042,1.2358153368737965,52,19.482414597434385,112
geliştirme,LightGBM_w120,m5,111,1.840351867412786,3.0124005847445305,-1.4443687849944746,1.3012837765477325,51,18.723919347870932,111
geliştirme,LightGBM_w120,m6,110,1.8649701005991808,3.037495176243468,-1.4733345105998958,1.3130931809929711,49,18.33646906711408,110
geliştirme,LightGBM_w120,m7,109,1.8743408582112007,3.058537922667717,-1.5180816114454436,1.3578617244372555,48,18.187009857443815,109
geliştirme,LightGBM_w120,m8,108,1.9017260645271077,3.0835069245945923,-1.5447233322364498,1.3625549714077452,46,17.683995865119627,108
geliştirme,LightGBM_w120,m9,107,1.9083869124940698,3.100561038337025,-1.5513066883184685,1.4144930104400026,45,17.191431906172294,107
geliştirme,LightGBM_w120,yearend,27,8.128665911440242,12.363471170015323,-7.185981234459361,2.3501597814323194,12,7.9874300702287515,27
geliştirme,LightGBM_w120,yoy1,115,2.559863597744979,4.376860625934967,-2.059690349570364,1.3013440595317192,57,19.80231721855542,115
geliştirme,LightGBM_w120,yoy10,106,21.35868144369069,33.73202887895172,-20.701781040097707,2.727937559891448,43,-14.682869423844647,106
geliştirme,LightGBM_w120,yoy11,105,23.315358664890006,36.3919557275465,-22.659827637829302,2.8513668530087712,42,-18.023978050853273,105
geliştirme,LightGBM_w120,yoy12,104,25.23825132704303,38.93641440901927,-24.602087661428335,2.9779532123311263,40,-22.40270934501187,104
geliştirme,LightGBM_w120,yoy2,114,4.878805547821197,8.099818107456418,-4.161753339006958,1.4115595685253943,55,17.94420323950341,114
geliştirme,LightGBM_w120,yoy3,113,7.0755335125158245,11.65310779672618,-6.276567172614033,1.6547069887916943,54,14.200191210314427,113
geliştirme,LightGBM_w120,yoy4,112,9.223334956006694,15.161390314456726,-8.38706644403214,1.914977901273725,52,9.293790041617456,112
geliştirme,LightGBM_w120,yoy5,111,11.294289554682395,18.55121270297916,-10.501965316064394,2.110330340935426,51,4.913702367412887,111
geliştirme,LightGBM_w120,yoy6,110,13.374248174983563,21.79926733766597,-12.594546774706878,2.285912872555806,49,0.016782371286661046,110
geliştirme,LightGBM_w120,yoy7,109,15.327963048955853,24.94135305608127,-14.658019714625022,2.3970026317625637,48,-3.8611565717471708,109
geliştirme,LightGBM_w120,yoy8,108,17.358611838464423,27.98628314124134,-16.708547739407667,2.469726433128027,46,-7.034207556127536,108
geliştirme,LightGBM_w120,yoy9,107,19.411867254636316,30.932459400188158,-18.730021292791953,2.5810151385829867,45,-11.245916362721342,107
geliştirme,LightGBM_wtum,c12,104,19.037941752230367,30.491629050721432,-9.91770531695613,2.40229356362359,40,7.6681018574141335,104
geliştirme,LightGBM_wtum,c6,110,8.216139956725112,13.09378567185821,-2.9423562253090214,1.6391391018672894,49,24.872410971516302,110
geliştirme,LightGBM_wtum,m1,115,1.461882490486027,2.315215493479284,-0.1866268238744512,0.9248451297863568,57,35.26005829262237,115
geliştirme,LightGBM_wtum,m10,106,1.7564820268107528,2.8436313492413556,-0.6038429698252871,1.313350782365221,43,24.42469493105416,106
geliştirme,LightGBM_wtum,m11,105,1.757623854872824,2.858770568293286,-0.6581168731804327,1.3033371231365172,42,25.009861953652734,105
geliştirme,LightGBM_wtum,m12,104,1.810802068408792,2.904557247685112,-0.7336115594587191,1.3691959162605891,40,22.92873078439861,104
geliştirme,LightGBM_wtum,m2,114,1.4928573199860788,2.4141050319672934,-0.33834768310981794,1.0079795144532577,55,33.549672473001614,114
geliştirme,LightGBM_wtum,m3,113,1.5303221705197405,2.4734007135763583,-0.3314359143062414,1.0481035645532162,54,32.16170068509331,113
geliştirme,LightGBM_wtum,m4,112,1.6097594910713031,2.6310213615847644,-0.3505665917727657,1.1082671400415307,52,28.94566242492368,112
geliştirme,LightGBM_wtum,m5,111,1.6588752437579755,2.683936037008224,-0.3931327191806976,1.1822323060844215,51,26.738532727963282,111
geliştirme,LightGBM_wtum,m6,110,1.6694495210560705,2.71513430618499,-0.44084933169057444,1.1759196559375114,49,26.897947286204392,110
geliştirme,LightGBM_wtum,m7,109,1.6612792456941894,2.7273155147582346,-0.508819161750278,1.205664017767761,48,27.486923226054394,109
geliştirme,LightGBM_wtum,m8,108,1.6918508464593867,2.795947886673207,-0.6360912965834923,1.2258924837196135,46,26.768421661517074,108
geliştirme,LightGBM_wtum,m9,107,1.7331496247478617,2.815941350481303,-0.6235639042620821,1.3130769748903488,45,24.79531389671945,107
geliştirme,LightGBM_wtum,yearend,27,6.072737120578499,9.171021159881501,-1.0453287891475904,2.099820046313182,12,31.259550452683815,27
geliştirme,LightGBM_wtum,yoy1,115,2.027624928619687,3.307166929321609,-0.3172255086377268,1.0697484323583633,57,36.47676346175746,115
geliştirme,LightGBM_wtum,yoy10,106,15.887252838796979,25.91996411308281,-7.711330638869957,2.1513752168416516,43,14.695307965577953,106
geliştirme,LightGBM_wtum,yoy11,105,17.33609220650612,28.218370273776205,-8.742671487144056,2.2666436660111993,42,12.243487416327959,105
geliştirme,LightGBM_wtum,yoy12,104,19.037941752230367,30.491629050721432,-9.91770531695613,2.40229356362359,40,7.6681018574141335,104
geliştirme,LightGBM_wtum,yoy2,114,3.654315633145303,5.853238220746955,-0.9152046220753726,1.1336803952464183,55,38.538689859039685,114
geliştirme,LightGBM_wtum,yoy3,113,5.150225780338722,8.21998053563739,-1.5205968949349626,1.3241919859028959,54,37.54698689574142,113
geliştirme,LightGBM_wtum,yoy4,112,6.776684899033514,10.79991119446833,-2.15470870251623,1.5494744235960933,52,33.3551902641008,112
geliştirme,LightGBM_wtum,yoy5,111,8.342518846184513,13.297919168520442,-2.8828544477839344,1.6874978430225986,51,29.764574728394688,111
geliştirme,LightGBM_wtum,yoy6,110,9.7609783342763,15.746162769312479,-3.6986710187078176,1.7918310020847006,49,27.028868591613175,110
geliştirme,LightGBM_wtum,yoy7,109,11.270690420455697,18.26958840892595,-4.558935730949262,1.86224038679717,48,23.630626020436495,109
geliştirme,LightGBM_wtum,yoy8,108,12.750203877161809,20.87695855323845,-5.631376469392309,1.9007337908627864,46,21.381503263581013,108
geliştirme,LightGBM_wtum,yoy9,107,14.364932365151443,23.447759169686215,-6.706096237079596,2.0073642373240257,45,17.677158848893747,107
geliştirme,Ridge_sepet_wtum,c12,104,21.403054369776196,34.480190005608556,-15.99772313155246,2.6380735088346694,40,-3.8024310468796063,104
geliştirme,Ridge_sepet_wtum,c6,110,8.839010197620981,15.121881414583013,-5.8287992903271,1.7510784987124992,49,19.176945738138084,110
geliştirme,Ridge_sepet_wtum,m1,115,1.4995248786696276,2.406937227608169,-0.4746342285905447,0.9525372711656156,57,33.59305288514767,115
geliştirme,Ridge_sepet_wtum,m10,106,2.0827132764109075,3.168833424268172,-0.8989758702767701,1.538232911247572,43,10.38810028606295,106
geliştirme,Ridge_sepet_wtum,m11,105,2.0856944766922543,3.263533489485907,-0.9739061284573362,1.5261557437050448,42,11.01252051396785,105
geliştirme,Ridge_sepet_wtum,m12,104,2.0907863311779145,3.144127090767075,-1.1158956886430658,1.5386108736474469,40,11.012054263826364,104
geliştirme,Ridge_sepet_wtum,m2,114,1.642363282702079,2.707421560808322,-0.6832828457982548,1.0983883247374773,55,26.894836771884467,114
geliştirme,Ridge_sepet_wtum,m3,113,1.7990489360259236,2.9049768345201192,-0.7347121618126503,1.2188917467815779,54,20.249198139211888,113
geliştirme,Ridge_sepet_wtum,m4,112,1.748937363095958,2.865748518853995,-0.7527586907610777,1.190177248252238,52,22.80238974557498,112
geliştirme,Ridge_sepet_wtum,m5,111,1.7504183855648003,2.879598066644199,-0.9327358828174851,1.2429428004250809,51,22.695682059900268,111
geliştirme,Ridge_sepet_wtum,m6,110,1.7105336250633605,2.8641270297912276,-0.9749671846182628,1.2136226978964229,49,25.09895168977564,110
geliştirme,Ridge_sepet_wtum,m7,109,1.5952488064688133,2.6720845410741116,-0.8813837154568249,1.1603755198940522,48,30.369081852532798,109
geliştirme,Ridge_sepet_wtum,m8,108,1.7315633126941103,2.837319783301766,-0.9824981551587504,1.234654472054454,46,25.04947191593597,108
geliştirme,Ridge_sepet_wtum,m9,107,1.8898041293533705,2.943465000394263,-0.9017744429495924,1.3988389991623327,45,17.997774505256857,107
geliştirme,Ridge_sepet_wtum,yearend,27,6.794608608500059,10.456418556377473,-2.024005564609528,2.2362463285282157,12,23.088314054690183,27
geliştirme,Ridge_sepet_wtum,yoy1,115,2.059529220500955,3.4183080402360897,-0.6540991591876539,1.0995881562313357,57,35.47723743938871,115
geliştirme,Ridge_sepet_wtum,yoy10,106,17.700750623793464,29.487619968963813,-12.852839281297564,2.3470082462713795,43,4.9579498695041195,106
geliştirme,Ridge_sepet_wtum,yoy11,105,19.50538726426626,32.02477465196542,-14.306654053356704,2.4916924980903685,42,1.262363944766065,105
geliştirme,Ridge_sepet_wtum,yoy12,104,21.403054369776196,34.480190005608556,-15.99772313155246,2.6380735088346694,40,-3.8024310468796063,104
geliştirme,Ridge_sepet_wtum,yoy2,114,3.7895405784029323,6.435429551185167,-1.6341090039832809,1.163509674267289,55,36.26436461359829,114
geliştirme,Ridge_sepet_wtum,yoy3,113,5.675716728005574,9.521458005372033,-2.7485244259864348,1.428865484505216,54,31.174743339722266,113
geliştirme,Ridge_sepet_wtum,yoy4,112,7.5019362701627506,12.77281478977907,-3.924980815238,1.6605149332077571,52,26.22275894115389,112
geliştirme,Ridge_sepet_wtum,yoy5,111,9.214815899604895,15.870026268133929,-5.410394823545862,1.7946200812163948,51,22.420731023664064,111
geliştirme,Ridge_sepet_wtum,yoy6,110,10.735550115654847,18.613265317988937,-7.058599451858999,1.9298819784631835,49,19.74316391218033,110
geliştirme,Ridge_sepet_wtum,yoy7,109,12.190115024768486,21.265838342884106,-8.441995324352213,1.9914439017482104,48,17.40067214597486,109
geliştirme,Ridge_sepet_wtum,yoy8,108,13.880388625705173,23.96092474734339,-9.992195461797914,2.0520655940397208,46,14.41271854288636,108
geliştirme,Ridge_sepet_wtum,yoy9,107,15.795172627354921,26.755001465853997,-11.40089215840991,2.166554717814823,45,9.480709403790344,107
geliştirme,Ridge_w120,c12,104,22.369536754471184,35.29270494681626,-20.454425243440646,2.8523579021077294,40,-8.48976302118858,104
geliştirme,Ridge_w120,c6,110,9.333594037836447,15.42699422657568,-7.545902367290391,1.9454508400610069,49,14.654518943616047,110
geliştirme,Ridge_w120,m1,115,1.520407768134268,2.387362608469939,-0.6217533878632376,0.982415650920101,57,32.66824733106175,115
geliştirme,Ridge_w120,m10,106,2.069110263549687,3.13479792800366,-1.2845920576580339,1.556354927641415,43,10.973390560117258,106
geliştirme,Ridge_w120,m11,105,2.052246634743659,3.153404121545371,-1.3299006980699462,1.5198471432510612,42,12.439593933643888,105
geliştirme,Ridge_w120,m12,104,2.1705750473136325,3.266792151216884,-1.310602943136438,1.6228378500989846,40,7.616090823676991,104
geliştirme,Ridge_w120,m2,114,1.634147422302026,2.7049349203309117,-0.9210628029926089,1.09886087132276,55,27.260542594665115,114
geliştirme,Ridge_w120,m3,113,1.7708694313402173,2.8838756272739356,-1.0843017189619053,1.2153880846899254,54,21.4983793314085,113
geliştirme,Ridge_w120,m4,112,1.7272333930393216,2.870811359713373,-1.0956232623877067,1.2011422516732027,52,23.760396965707763,112
geliştirme,Ridge_w120,m5,111,1.7389459087540755,2.888349378791026,-1.153313622650412,1.271975231088309,51,23.202344925333172,111
geliştirme,Ridge_w120,m6,110,1.8151447361265853,2.9745171252203573,-1.3265072674966532,1.3184508324880753,49,20.518228008741534,110
geliştirme,Ridge_w120,m7,109,1.8235091539564727,2.9732780999720343,-1.416665065979168,1.353661858557744,48,20.405759825414037,109
geliştirme,Ridge_w120,m8,108,1.8443120803784456,2.979745709294209,-1.4627850923540322,1.3644481722840678,46,20.169153872225365,108
geliştirme,Ridge_w120,m9,107,1.9699644293349174,3.0672762163650127,-1.2888972035459338,1.4934942141257865,45,14.519465355269844,107
geliştirme,Ridge_w120,yearend,27,7.34395638584636,11.111310620901103,-2.933410483285581,2.27566766849497,12,16.869962688114594,27
geliştirme,Ridge_w120,yoy1,115,2.107343426807708,3.399027280606408,-0.7644530596577023,1.133342400950417,57,33.97927147229052,115
geliştirme,Ridge_w120,yoy10,106,18.870317684670262,30.3749273167837,-16.66148225475899,2.620967184087432,43,-1.3218997026044121,106
geliştirme,Ridge_w120,yoy11,105,20.582761664842543,32.823235923178004,-18.517955508356373,2.7375068872490944,42,-4.1913807062929465,105
geliştirme,Ridge_w120,yoy12,104,22.369536754471184,35.29270494681626,-20.454425243440646,2.8523579021077294,40,-8.48976302118858,104
geliştirme,Ridge_w120,yoy2,114,3.896556642131964,6.439839525382622,-2.0096723630381477,1.198660682316721,55,34.46447972591725,114
geliştirme,Ridge_w120,yoy3,113,5.784780851665407,9.507538250300803,-3.5409467036557722,1.4759114924007566,54,29.8522026522567,113
geliştirme,Ridge_w120,yoy4,112,7.5988101014881915,12.728748971020696,-5.159305178082276,1.738621542385453,52,25.270060364598802,112
geliştirme,Ridge_w120,yoy5,111,9.372169489415281,15.863280057572988,-6.889696663136193,1.9265105750536446,51,21.095975694714365,111
geliştirme,Ridge_w120,yoy6,110,11.292884835269232,18.891965184939984,-8.83971992618163,2.12254208683717,49,15.576640468456993,110
geliştirme,Ridge_w120,yoy7,109,13.007195456813307,21.883523606567703,-10.825488433789591,2.2328671874649966,48,11.864194897610226,109
geliştirme,Ridge_w120,yoy8,108,14.913238814974775,24.788335313966478,-12.91664612279867,2.31804253280674,46,8.044104360979077,108
geliştirme,Ridge_w120,yoy9,107,17.014253417850874,27.69747554341986,-14.802763523311327,2.4528657827706195,45,2.494376874315518,107
geliştirme,Ridge_wtum,c12,104,17.303375248817655,28.555146835113455,-8.319269810408363,2.2291568147932765,40,16.080556302279792,104
geliştirme,Ridge_wtum,c6,110,8.036808102482784,13.068514147377133,-2.654274363092137,1.6188031837073946,49,26.512204100186864,110
geliştirme,Ridge_wtum,m1,115,1.5133866190557062,2.294597771291234,-0.1424440809296465,0.9545358448321062,57,32.97918120230183,115
geliştirme,Ridge_wtum,m10,106,1.7547625919460352,2.7394248025343844,-0.3753718876871552,1.3119961556416937,43,24.49867622574645,106
geliştirme,Ridge_wtum,m11,105,1.724451500839786,2.751214535429467,-0.5349749446903148,1.2693273448388778,42,26.42518150644738,105
geliştirme,Ridge_wtum,m12,104,1.732476888558036,2.759075357752349,-0.6322029061008899,1.2915274728418378,40,26.262403264650736,104
geliştirme,Ridge_wtum,m2,114,1.6721739349372786,2.565678699190043,-0.24613199026117216,1.1233445043809895,55,25.567899777771107,114
geliştirme,Ridge_wtum,m3,113,1.7524443692561908,2.666420462059053,-0.2818274556144885,1.181408163802653,54,22.315151708252145,113
geliştirme,Ridge_wtum,m4,112,1.7337513566430034,2.6724610287940123,-0.26774571342871395,1.1873504294535668,52,23.472695859569328,112
geliştirme,Ridge_wtum,m5,111,1.7694484209887535,2.7150612485253665,-0.4417660430075854,1.268999402216871,51,21.855252182702678,111
geliştirme,Ridge_wtum,m6,110,1.7549153566211864,2.7101994956759494,-0.4071111044345426,1.254810559238735,49,23.155559188864704,110
geliştirme,Ridge_wtum,m7,109,1.7883390357009148,2.756664967746537,-0.36462259823354914,1.2925308932786264,48,21.94089817847782,109
geliştirme,Ridge_wtum,m8,108,1.7725538100218332,2.7440819267289793,-0.47873782675733517,1.277403461558892,46,23.275202734660027,108
geliştirme,Ridge_wtum,m9,107,1.746039311926404,2.7269438461469573,-0.41782088929594197,1.3277016380234206,45,24.236005649820235,107
geliştirme,Ridge_wtum,yearend,27,6.747334659859581,10.029735765279764,-0.6510093503179705,2.1033097369866773,12,23.623432308106974,27
geliştirme,Ridge_wtum,yoy1,115,2.095773897761208,3.2885051807952075,-0.18072653560197435,1.1033699770571344,57,34.34173196480243,115
geliştirme,Ridge_wtum,yoy10,106,15.066399394420324,24.784625766792814,-6.2316833668371565,2.08477191435368,43,19.10278174272767,106
geliştirme,Ridge_wtum,yoy11,105,16.23227569300312,26.726172769492376,-7.167827269493379,2.1585858119464914,42,17.831083894439516,105
geliştirme,Ridge_wtum,yoy12,104,17.303375248817655,28.555146835113455,-8.319269810408363,2.2291568147932765,40,16.080556302279792,104
geliştirme,Ridge_wtum,yoy2,114,3.911981608008888,6.0710489699769274,-0.5607775867005226,1.1909057943105452,55,34.205049860834855,114
geliştirme,Ridge_wtum,yoy3,113,5.4948645870323,8.622162672684862,-1.0159029151497427,1.3940882682013036,54,33.367804695062354,113
geliştirme,Ridge_wtum,yoy4,112,7.0215223586451065,11.194795993329382,-1.5155399420424882,1.5820840828310925,52,30.947354256503246,112
geliştirme,Ridge_wtum,yoy5,111,8.371998529394604,13.58568644115477,-2.286738227965391,1.6723034480725,51,29.516386126689586,111
geliştirme,Ridge_wtum,yoy6,110,9.706581229918703,15.961041518066246,-3.019032127626788,1.778354784435588,49,27.435530517741547,110
geliştirme,Ridge_wtum,yoy7,109,11.040160473128962,18.372065648720227,-3.69018033540671,1.847120632637338,48,25.192680083152265,109
geliştirme,Ridge_wtum,yoy8,108,12.434466918815883,20.658810411390878,-4.539998857815342,1.89645122712623,46,23.328355664408008,108
geliştirme,Ridge_wtum,yoy9,107,13.800135263783831,22.770892131046157,-5.3724427001761885,1.9684807344256074,45,20.913909351895576,107
geliştirme,SARIMA_w120,c12,104,23.25322355449596,36.91999504857176,-20.986283094956182,2.808194062999844,40,-12.775545626877882,104
geliştirme,SARIMA_w120,c6,110,9.727645402716313,15.576333837287613,-7.622517606869684,1.8993888738322806,49,11.051351379195973,110
geliştirme,SARIMA_w120,m1,115,1.4998989254558224,2.340903814100706,-0.6020108181497267,0.9368899010317161,57,33.57648810152677,115
geliştirme,SARIMA_w120,m10,106,1.8987014008635368,3.1388613669898007,-1.5296277784546275,1.4041089106141424,43,18.30549051182686,106
geliştirme,SARIMA_w120,m11,105,1.9703859654272453,3.1499408527346855,-1.583783891846485,1.43039149623366,42,15.932231380265504,105
geliştirme,SARIMA_w120,m12,104,1.956343894712971,3.0950812364800955,-1.6156434916442919,1.4549967207324497,40,16.734186679930872,104
geliştirme,SARIMA_w120,m2,114,1.6102727500917349,2.649503292925075,-0.9012859676897755,1.0558410168745676,55,28.32325620214394,114
geliştirme,SARIMA_w120,m3,113,1.7256633082800188,2.7149451543416414,-1.0746120716071472,1.1490531693203705,54,23.50234069725784,113
geliştirme,SARIMA_w120,m4,112,1.78091573788808,2.9379767573467097,-1.189854655704249,1.2083631227595566,52,21.390873149347556,112
geliştirme,SARIMA_w120,m5,111,1.8220045371473546,3.0151340211392252,-1.2750453482906317,1.287824587707792,51,19.53419868673498,111
geliştirme,SARIMA_w120,m6,110,1.8428983682985944,3.0162120106560226,-1.3500260088404015,1.2987056045157865,49,19.30294868675635,110
geliştirme,SARIMA_w120,m7,109,1.8560957232113595,3.0641345753053466,-1.4248824254476804,1.3474886057400026,48,18.98339064557655,109
geliştirme,SARIMA_w120,m8,108,1.8895965067523934,3.104458482859755,-1.4728067724799159,1.3594365848789578,46,18.209022443112044,108
geliştirme,SARIMA_w120,m9,107,1.9430160563514078,3.141938798610951,-1.4963446865464287,1.4396079741947887,45,15.688806941408895,107
geliştirme,SARIMA_w120,yearend,27,8.10054256242253,13.209593785543397,-1.8144668704931495,2.388494246607354,12,8.30577279046647,27
geliştirme,SARIMA_w120,yoy1,115,2.1172080271743106,3.4301697839953316,-0.8099531257070364,1.0973176484717104,57,33.67022450132558,115
geliştirme,SARIMA_w120,yoy10,106,19.896140896932835,31.671450808286174,-16.982404484174957,2.5739437689323124,43,-6.829933979627145,106
geliştirme,SARIMA_w120,yoy11,105,21.610528820170927,34.379689311368416,-18.92736729660642,2.6885124258921227,42,-9.394010008518915,105
geliştirme,SARIMA_w120,yoy12,104,23.25322355449596,36.91999504857176,-20.986283094956182,2.808194062999844,40,-12.775545626877882,104
geliştirme,SARIMA_w120,yoy2,114,4.001568636684772,6.578377914135397,-2.051768599564502,1.186138193770543,55,32.69830093523194,114
geliştirme,SARIMA_w120,yoy3,113,5.750299348395505,9.465415382942105,-3.576901766372247,1.3739759531617555,54,30.270334568684653,113
geliştirme,SARIMA_w120,yoy4,112,7.874285378854585,12.87451777898045,-5.250060601332661,1.6794082362663758,52,22.56091898934529,112
geliştirme,SARIMA_w120,yoy5,111,9.904732221330248,16.30091878532547,-7.122334027053361,1.8933212528278454,51,16.61234543273865,111
geliştirme,SARIMA_w120,yoy6,110,11.97101390259754,19.38254133749664,-9.11474387112565,2.0818820423343882,49,10.507082521576294,110
geliştirme,SARIMA_w120,yoy7,109,13.891139006479296,22.553632592275182,-11.028746015965535,2.201783782731185,48,5.874658054441806,109
geliştirme,SARIMA_w120,yoy8,108,15.84788109550007,25.663676979646528,-12.991955085716745,2.2797510171875115,46,2.281045841356899,108
geliştirme,SARIMA_w120,yoy9,107,17.9120294943998,28.75149897224305,-15.016793754228582,2.410362696533678,45,-2.650616186584398,107
geliştirme,SARIMA_w60,c12,104,21.138348918226498,33.62318140259511,-18.269048709380886,2.5827658400899804,40,-2.518639074598217,104
geliştirme,SARIMA_w60,c6,110,8.475835488272814,14.034473120897031,-6.162946686831556,1.736867047567737,49,22.49778015103231,110
geliştirme,SARIMA_w60,m1,115,1.4570157013526,2.3107434439893786,-0.4231251959294327,0.9041581161369926,57,35.47558563278185,115
geliştirme,SARIMA_w60,m10,106,1.7686443516494796,2.9545882710445723,-1.2898542653927674,1.3147721644067125,43,23.90139244574303,106
geliştirme,SARIMA_w60,m11,105,1.8238914608485142,2.9932802652932913,-1.3470977361513907,1.3337392280190152,42,22.182512457717763,105
geliştirme,SARIMA_w60,m12,104,1.843681164903549,3.0129622764737594,-1.3932108724332293,1.3732596832768877,40,21.52933228484869,104
geliştirme,SARIMA_w60,m2,114,1.5257778843799772,2.5482749194300434,-0.6903188449514613,1.008886504529728,55,32.08430652204216,114
geliştirme,SARIMA_w60,m3,113,1.5425948342027735,2.4952770270701756,-0.8446173512257614,1.0443493813069067,54,31.61766058140847,113
geliştirme,SARIMA_w60,m4,112,1.6060365239274859,2.726200931556424,-0.9502199549799945,1.1130352830251677,52,29.10999316233195,112
geliştirme,SARIMA_w60,m5,111,1.6192918798312816,2.778033635083414,-1.0299357446053612,1.1694077293905984,51,28.48666618871899,111
geliştirme,SARIMA_w60,m6,110,1.633394379569484,2.756551020444469,-1.1016004078525683,1.1751014837031208,49,28.47673407808564,110
geliştirme,SARIMA_w60,m7,109,1.6144824287319828,2.8183109631088152,-1.17672341841285,1.2046051040014156,48,29.52955464395235,109
geliştirme,SARIMA_w60,m8,108,1.7181162305727364,2.8915431505402567,-1.2269327269648638,1.2529501427795704,46,25.631527390776586,108
geliştirme,SARIMA_w60,m9,107,1.7540751862886197,2.9340909035781646,-1.2531095094990068,1.3189232858692486,45,23.887313649806817,107
geliştirme,SARIMA_w60,yearend,27,6.821374998466605,10.589606615634873,-2.1503565475714805,2.138812324738109,12,22.78533145515954,27
geliştirme,SARIMA_w60,yoy1,115,2.048446403800285,3.3712318929845733,-0.5517797043693488,1.0559889317953222,57,35.824449774791354,115
geliştirme,SARIMA_w60,yoy10,106,17.116617036084143,28.31907573362157,-14.277308543268855,2.295299801585221,43,8.094384866297366,106
geliştirme,SARIMA_w60,yoy11,105,18.99348353353213,30.952850859587684,-16.07189660161486,2.423461687993614,42,3.8536564720946354,105
geliştirme,SARIMA_w60,yoy12,104,21.138348918226498,33.62318140259511,-18.269048709380886,2.5827658400899804,40,-2.518639074598217,104
geliştirme,SARIMA_w60,yoy2,114,3.728486985276514,6.289278512489408,-1.4946947207749737,1.1136336843790793,55,37.29121456282751,114
geliştirme,SARIMA_w60,yoy3,113,5.226766870815005,8.70235983612585,-2.710596467537149,1.288584938795951,54,36.61882919345616,113
geliştirme,SARIMA_w60,yoy4,112,7.04211002145541,11.667278874605996,-4.079536404465186,1.5673283603116226,52,30.744886399233508,112
geliştirme,SARIMA_w60,yoy5,111,8.693668857585712,14.619191025863032,-5.635255111625406,1.7480809546840448,51,26.808252922040953,111
geliştirme,SARIMA_w60,yoy6,110,10.224338552590009,17.164440728598844,-7.304720868498642,1.8843645408691558,49,23.56487981691673,110
geliştirme,SARIMA_w60,yoy7,109,11.722932090917103,19.887003526206755,-8.956265253922208,1.9717186599132515,48,20.56626953718804,109
geliştirme,SARIMA_w60,yoy8,108,13.406866425188051,22.712305599474924,-10.663462381729506,2.0282540104022844,46,17.332483899945426,108
geliştirme,SARIMA_w60,yoy9,107,15.343053493614773,25.601150595713673,-12.468771227926222,2.1487779714815978,45,12.071722760634195,107
geliştirme,SARIMA_wtum,c12,104,18.61031409543166,29.64195803357332,-7.742874554526992,2.369764862198989,40,9.742048388207836,104
geliştirme,SARIMA_wtum,c6,110,8.370232527397002,13.01190913028681,-2.3796153683627455,1.676102975188195,49,23.463403410452955,110
geliştirme,SARIMA_wtum,m1,115,1.436860818913139,2.260120813606553,-0.18871959197256627,0.8991194749180967,57,36.36815115890422,115
geliştirme,SARIMA_wtum,m10,106,1.7299620224922865,2.757556792186811,-0.47158771998003013,1.2941278655243758,43,25.56575836706152,106
geliştirme,SARIMA_wtum,m11,105,1.7253227432838436,2.750499480224412,-0.5182617726078292,1.2811399861642154,42,26.388009394239997,105
geliştirme,SARIMA_wtum,m12,104,1.7124480386025884,2.7496471240486065,-0.5479101056346464,1.3043890266383655,40,27.114870198461805,104
geliştirme,SARIMA_wtum,m2,114,1.506074143303245,2.40585003423079,-0.2398501956306649,0.9894275951332699,55,32.96136290949936,114
geliştirme,SARIMA_wtum,m3,113,1.5768495008446661,2.4909020657417145,-0.2655288822491267,1.061679109125277,54,30.099170963110744,113
geliştirme,SARIMA_wtum,m4,112,1.6177682252590273,2.5842228195844528,-0.2932343542459343,1.1125681117468056,52,28.592159118572667,112
geliştirme,SARIMA_wtum,m5,111,1.6466625047996997,2.6347666565157075,-0.3216943593366404,1.1834432822706535,51,27.277888040462106,111
geliştirme,SARIMA_wtum,m6,110,1.672568796800734,2.6598421083765897,-0.3589496914031233,1.1899060898141092,49,26.761360071652973,110
geliştirme,SARIMA_wtum,m7,109,1.6780913882530468,2.702651839628819,-0.40785477621072136,1.2292368724137308,48,26.753091037838782,109
geliştirme,SARIMA_wtum,m8,108,1.700413573130841,2.727931904787432,-0.43791242632765515,1.2372023808839947,46,26.39778497664388,108
geliştirme,SARIMA_wtum,m9,107,1.7183364547644924,2.7432978757869333,-0.4486648948079145,1.3054966031085926,45,25.438085751432162,107
geliştirme,SARIMA_wtum,yearend,27,7.547487919476061,11.502462787176837,0.6606479439285344,2.392672414684432,12,14.566084084288654,27
geliştirme,SARIMA_wtum,yoy1,115,2.008223424727092,3.2413441091948023,-0.2059156996442464,1.045972708315066,57,37.08459102570734,115
geliştirme,SARIMA_wtum,yoy10,106,16.038629004098137,25.54055476452381,-5.638681256066706,2.185215714616997,43,13.882511864616243,106
geliştirme,SARIMA_wtum,yoy11,105,17.391406164081832,27.676815457630656,-6.608329849189027,2.277406585310915,42,11.963484290120308,105
geliştirme,SARIMA_wtum,yoy12,104,18.61031409543166,29.64195803357332,-7.742874554526992,2.369764862198989,40,9.742048388207836,104
geliştirme,SARIMA_wtum,yoy2,114,3.651078189821281,5.815559432704055,-0.5023561678671222,1.1001694199737004,55,38.59313986505361,114
geliştirme,SARIMA_wtum,yoy3,113,5.241099880927585,8.292845963291215,-0.8789974307846253,1.3031269158960206,54,36.44502328541195,113
geliştirme,SARIMA_wtum,yoy4,112,6.8705403399052285,10.930240544190156,-1.3277771368571665,1.5310107406088256,52,32.43217582669256,112
geliştirme,SARIMA_wtum,yoy5,111,8.508494765693449,13.48341957464811,-1.8884736576462093,1.6939574249024625,51,28.367228254687006,111
geliştirme,SARIMA_wtum,yoy6,110,10.149851520798839,15.912607052206454,-2.5167899648123093,1.8393883016088848,49,24.121730042264254,110
geliştirme,SARIMA_wtum,yoy7,109,11.719548497428567,18.413690568982474,-3.170925408627018,1.9323554880817755,48,20.589196519198993,109
geliştirme,SARIMA_wtum,yoy8,108,13.160591400912004,20.85629628235887,-3.9165171065931657,1.9872787555983467,46,18.851029985862432,108
geliştirme,SARIMA_wtum,yoy9,107,14.580109195064734,23.217201579177775,-4.7650143577742,2.0616436181520283,45,16.444019176665037,107
geliştirme,UCM_llt_seasonal_w120,c12,104,31.24668945100389,58.17868781595497,1.6903007111930617,3.79919761017433,40,-51.54296537046117,104
geliştirme,UCM_llt_seasonal_w120,c6,110,10.428522077817766,17.197196718495558,-0.32372179127821565,2.078598862653948,49,4.642602856895972,110
geliştirme,UCM_llt_seasonal_w120,m1,115,1.57610934086005,2.4135456503116117,-0.03186961102348703,1.011546053030545,57,30.201485060670606,115
geliştirme,UCM_llt_seasonal_w120,m10,106,2.3167325407870574,3.5196484304054763,-0.2313315722160822,1.658449376349718,43,0.31906625822808454,106
geliştirme,UCM_llt_seasonal_w120,m11,105,2.3378708904487566,3.5108766706224173,-0.26121787787626066,1.6566643026344898,42,0.2532536621867476,105
geliştirme,UCM_llt_seasonal_w120,m12,104,2.22785711949987,3.5084082473875315,-0.2856525672271169,1.6232974111444438,40,5.178054064324011,104
geliştirme,UCM_llt_seasonal_w120,m2,114,1.8002945584773549,2.69347624929232,-0.059318551005282806,1.2042507638346571,55,19.864972054389806,114
geliştirme,UCM_llt_seasonal_w120,m3,113,1.8253253397754516,2.712751121002627,-0.06528731673690588,1.2330416276469303,54,19.084380314038242,113
geliştirme,UCM_llt_seasonal_w120,m4,112,2.0209605960323125,3.0320354868392645,-0.0844610156851301,1.3875672714629523,52,10.795359671498394,112
geliştirme,UCM_llt_seasonal_w120,m5,111,2.0356117688759774,3.081762272290267,-0.10569756557847246,1.4584178531468037,51,10.100590417974754,111
geliştirme,UCM_llt_seasonal_w120,m6,110,2.0172035629604985,3.0795767464859165,-0.13609087842724624,1.4305796866112683,49,11.670452245412942,110
geliştirme,UCM_llt_seasonal_w120,m7,109,2.1218839714786317,3.2283492166133816,-0.17730332497120696,1.5312466727398757,48,7.382015559376831,109
geliştirme,UCM_llt_seasonal_w120,m8,108,2.1881598249749685,3.399941224006965,-0.19949339334114555,1.5507332178191253,46,5.285741958209811,108
geliştirme,UCM_llt_seasonal_w120,m9,107,2.242896556612693,3.4869382295242866,-0.20780934374552745,1.636281177387795,45,2.676416915403146,107
geliştirme,UCM_llt_seasonal_w120,yearend,27,10.358305787303383,17.31213121779081,3.044345255630036,3.0750067772557625,12,-17.251015848348096,27
geliştirme,UCM_llt_seasonal_w120,yoy1,115,2.2017962055463,3.547453162528591,0.13573299393656502,1.175614209768802,57,31.020170841391128,115
geliştirme,UCM_llt_seasonal_w120,yoy10,106,25.520575967222424,47.1808107030288,1.9846307105175849,3.3449857848125624,43,-37.02966117015804,106
geliştirme,UCM_llt_seasonal_w120,yoy11,105,28.69265947844583,53.62465655216765,2.1684145522533,3.598710205615866,42,-45.24425127562899,105
geliştirme,UCM_llt_seasonal_w120,yoy12,104,31.24668945100389,58.17868781595497,1.6903007111930617,3.79919761017433,40,-51.54296537046117,104
geliştirme,UCM_llt_seasonal_w120,yoy2,114,4.231470650995289,6.8756510820334595,0.30387774313067806,1.284620299816798,55,28.831618244933445,114
geliştirme,UCM_llt_seasonal_w120,yoy3,113,6.223279616564999,10.080988100734174,0.5125372982492751,1.5397083835062657,54,24.53484953445333,113
geliştirme,UCM_llt_seasonal_w120,yoy4,112,8.418552062744645,14.213732688402082,0.7021884082818112,1.8355306194615943,52,17.20836827555674,112
geliştirme,UCM_llt_seasonal_w120,yoy5,111,10.756266972499123,18.541212549136286,0.8476443218197426,2.0932464918209637,51,9.443298951141553,111
geliştirme,UCM_llt_seasonal_w120,yoy6,110,13.133875625269217,22.93681406689648,0.9928499021084997,2.341947519907928,49,1.8137597142831918,110
geliştirme,UCM_llt_seasonal_w120,yoy7,109,16.038332740045544,28.157571675148425,1.242038854939621,2.6195132920376887,48,-8.674569643950258,109
geliştirme,UCM_llt_seasonal_w120,yoy8,108,19.19679235530343,34.10188498066415,1.5297155392032806,2.8297821351532813,46,-18.368535254440822,108
geliştirme,UCM_llt_seasonal_w120,yoy9,107,22.346269417137044,40.31859440763354,1.7633167178425928,3.062225546665127,45,-28.062446852140276,107
geliştirme,UCM_llt_seasonal_wtum,c12,104,20.88343342694477,32.6372284363887,-8.9542573607423,2.6301010767158317,40,-1.282327319771337,104
geliştirme,UCM_llt_seasonal_wtum,c6,110,8.92779411699103,13.911270483178338,-2.8861645899249684,1.8049131116789372,49,18.365114167363593,110
geliştirme,UCM_llt_seasonal_wtum,m1,115,1.6136799098522485,2.3918808883009164,-0.26778777653250874,1.026890131619012,57,28.537660189453163,115
geliştirme,UCM_llt_seasonal_wtum,m10,106,1.9142351114898941,2.947427494340766,-0.6583481305992903,1.3986653419757495,43,17.63712903614968,106
geliştirme,UCM_llt_seasonal_wtum,m11,105,1.9102948301842568,2.937603068730973,-0.7199358972018625,1.3722377503614656,42,18.49605782967353,105
geliştirme,UCM_llt_seasonal_wtum,m12,104,1.855750639202551,2.930600942074649,-0.7672945511400118,1.3696257603026287,40,21.015631909077324,104
geliştirme,UCM_llt_seasonal_wtum,m2,114,1.6972646710798627,2.5413177724120017,-0.3201418711418114,1.1394569414602074,55,24.451056518708846,114
geliştirme,UCM_llt_seasonal_wtum,m3,113,1.7709153667787074,2.6396969183336845,-0.35787712575932157,1.2058712890946734,54,21.496343039910226,113
geliştirme,UCM_llt_seasonal_wtum,m4,112,1.8145677143631738,2.732037962129671,-0.3953035874031097,1.2525992780526287,52,19.90548423889701,112
geliştirme,UCM_llt_seasonal_wtum,m5,111,1.8222458325940072,2.7738765235497596,-0.4380551240635779,1.317404310849495,51,19.52354227448556,111
geliştirme,UCM_llt_seasonal_wtum,m6,110,1.847544606868733,2.8153581886639527,-0.4715634486198394,1.3222939828945843,49,19.09949864373841,110
geliştirme,UCM_llt_seasonal_wtum,m7,109,1.87984879103749,2.8790186409388596,-0.5311473123247198,1.3741215904426838,48,17.946594432443096,109
geliştirme,UCM_llt_seasonal_wtum,m8,108,1.9315216560389012,2.9223215682060757,-0.5874877238520245,1.3834790462371207,46,16.394296954306263,108
geliştirme,UCM_llt_seasonal_wtum,m9,107,1.9289880000442765,2.9412255835331713,-0.6076635654654605,1.431931381826096,45,16.297511207995473,107
geliştirme,UCM_llt_seasonal_wtum,yearend,27,8.73582907063921,13.965184141054307,0.48963069544883336,2.639703441852482,12,1.114636520434864,27
geliştirme,UCM_llt_seasonal_wtum,yoy1,115,2.240973040669243,3.4636572500990996,-0.21124791368110601,1.188685225654044,57,29.792804118281936,115
geliştirme,UCM_llt_seasonal_wtum,yoy10,106,17.733903732743855,28.184377557006094,-6.313574381273314,2.3978581924939886,43,4.779938241081472,106
geliştirme,UCM_llt_seasonal_wtum,yoy11,105,19.285071902061496,30.549605699255125,-7.523848614449586,2.5014844739540214,42,2.3776157342346727,105
geliştirme,UCM_llt_seasonal_wtum,yoy12,104,20.88343342694477,32.6372284363887,-8.9542573607423,2.6301010767158317,40,-1.282327319771337,104
geliştirme,UCM_llt_seasonal_wtum,yoy2,114,4.1441715418154415,6.303428161880793,-0.5141114115767734,1.258205823650179,55,30.2998870435194,114
geliştirme,UCM_llt_seasonal_wtum,yoy3,113,5.8351489394811,9.032971452878012,-0.9008281563858893,1.4505067596036758,54,29.24142576934826,113
geliştirme,UCM_llt_seasonal_wtum,yoy4,112,7.450696834956373,11.876836116538554,-1.379053164447533,1.6534916529139967,52,26.72666940197389,112
geliştirme,UCM_llt_seasonal_wtum,yoy5,111,9.209094640861982,14.636958629125216,-1.9735471396851063,1.8185076991035134,51,22.468898135816417,111
geliştirme,UCM_llt_seasonal_wtum,yoy6,110,10.937868197269216,17.35203138326952,-2.6356000246573523,1.9891035155021437,49,18.230674199142825,110
geliştirme,UCM_llt_seasonal_wtum,yoy7,109,12.693799716032508,20.169132721342756,-3.359763279285371,2.1214059948747575,48,13.987741516178732,109
geliştirme,UCM_llt_seasonal_wtum,yoy8,108,14.526340188312664,22.930416632420908,-4.221594232626968,2.1896788581701543,46,10.429743736679086,108
geliştirme,UCM_llt_seasonal_wtum,yoy9,107,16.13262051522729,25.584015752562408,-5.214810657924577,2.273246549568949,45,7.546856311833894,107
geliştirme,naive_mevsimsel_12,c12,104,20.61902997253511,31.7386741590975,-9.176293610748981,2.6340066758933034,40,0.0,104
geliştirme,naive_mevsimsel_12,c6,110,10.93624867105753,16.990350067015335,-3.762172683623641,2.165025217186878,49,0.0,110
geliştirme,naive_mevsimsel_12,m1,115,2.258084347826087,3.4472221412130613,-0.41476086956521746,1.4032659341168385,57,0.0,115
geliştirme,naive_mevsimsel_12,m10,106,2.3241481132075474,3.5480661174866235,-0.42412735849056615,1.6543220129980087,43,0.0,106
geliştirme,naive_mevsimsel_12,m11,105,2.343806666666667,3.5648313343524336,-0.43064285714285716,1.6477265944315138,42,0.0,105
geliştirme,naive_mevsimsel_12,m12,104,2.3495163461538464,3.5778160727573423,-0.4179567307692308,1.7053548913947965,40,0.0,104
geliştirme,naive_mevsimsel_12,m2,114,2.246576315789474,3.4461257886670054,-0.4497149122807018,1.4930441157272272,55,0.0,114
geliştirme,naive_mevsimsel_12,m3,113,2.255838053097345,3.4594992430743297,-0.443075221238938,1.510612935530753,54,0.0,113
geliştirme,naive_mevsimsel_12,m4,112,2.2655330357142858,3.473150016876919,-0.4365848214285714,1.5328943413547944,52,0.0,112
geliştirme,naive_mevsimsel_12,m5,111,2.2643216216216215,3.4813148034630266,-0.41889639639639653,1.6023771004738534,51,0.0,111
geliştirme,naive_mevsimsel_12,m6,110,2.283724545454545,3.4970811939127437,-0.42152272727272744,1.5868338084770417,49,0.0,110
geliştirme,naive_mevsimsel_12,m7,109,2.2910064220183486,3.5101861688389486,-0.4390596330275231,1.6133728670621783,48,0.0,109
geliştirme,naive_mevsimsel_12,m8,108,2.3102750000000003,3.5263416890412604,-0.44118055555555563,1.5992023804291515,46,0.0,108
geliştirme,naive_mevsimsel_12,m9,107,2.3045766355140187,3.53151744733636,-0.41801401869158883,1.667281398956562,45,0.0,107
geliştirme,naive_mevsimsel_12,yearend,27,8.834299398054483,12.481389628410426,-1.9053346215452722,2.64959372222714,12,0.0,27
geliştirme,naive_mevsimsel_12,yoy1,115,3.191942097281216,5.189864262126211,-0.5336860020857459,1.6321091778824104,57,0.0,115
geliştirme,naive_mevsimsel_12,yoy10,106,18.624125426050625,29.28455703818239,-7.624390678570786,2.55808694222905,43,0.0,106
geliştirme,naive_mevsimsel_12,yoy11,105,19.754764285986074,30.649955971736393,-8.38932734434552,2.604115501338511,42,0.0,105
geliştirme,naive_mevsimsel_12,yoy12,104,20.61902997253511,31.7386741590975,-9.176293610748981,2.6340066758933034,40,0.0,104
geliştirme,naive_mevsimsel_12,yoy2,114,5.945717110104229,9.138649789765958,-1.1764506905000873,1.7628183451935067,55,0.0,114
geliştirme,naive_mevsimsel_12,yoy3,113,8.246560933322744,12.650942998803416,-1.9143370966867792,1.9765345789569526,54,0.0,113
geliştirme,naive_mevsimsel_12,yoy4,112,10.168361086014405,15.853768285119985,-2.7638538108626682,2.153791723518505,52,0.0,112
geliştirme,naive_mevsimsel_12,yoy5,111,11.87793597593153,18.731958708183196,-3.608465100626284,2.276504026318099,51,0.0,111
geliştirme,naive_mevsimsel_12,yoy6,110,13.376493067715321,21.309610967653413,-4.4567550965090055,2.3761967174442717,49,0.0,110
geliştirme,naive_mevsimsel_12,yoy7,109,14.758128596774593,23.70126785243313,-5.254706777863242,2.4081310118306116,48,0.0,109
geliştirme,naive_mevsimsel_12,yoy8,108,16.217816934237366,25.825177752208038,-6.066372822627233,2.420979545837931,46,0.0,108
geliştirme,naive_mevsimsel_12,yoy9,107,17.449509958948262,27.69431481757587,-6.844660520816739,2.4752875559150875,45,0.0,107
geliştirme,naive_son_ay,c12,104,34.22801112979177,61.879480038862326,2.024738200081163,4.104171058276751,40,-66.00204362370124,104
geliştirme,naive_son_ay,c6,110,11.887977704511954,19.091621461376135,-0.3499259002435574,2.2428644208792528,49,-8.702518222479227,110
geliştirme,naive_son_ay,m1,115,1.6024765217391304,2.4088782715829264,-0.036179130434782616,0.9918116827824367,57,29.033805877009257,115
geliştirme,naive_son_ay,m10,106,2.3886377358490565,3.6140701417685075,-0.36461886792452836,1.6899196217003853,43,-2.7747638919839446,106
geliştirme,naive_son_ay,m11,105,2.395881904761905,3.6214593358400227,-0.39533142857142856,1.6584775567964287,42,-2.221823106651488,105
geliştirme,naive_son_ay,m12,104,2.3495163461538464,3.5778160727573423,-0.4179567307692308,1.7053548913947965,40,0.0,104
geliştirme,naive_son_ay,m2,114,1.911032456140351,2.8557245376918687,-0.07850789473684215,1.2164235786581745,55,14.93578728177808,114
geliştirme,naive_son_ay,m3,113,1.9068902654867257,2.8766915021265453,-0.10318407079646015,1.2069915439894596,54,15.468654194014576,113
geliştirme,naive_son_ay,m4,112,2.10245625,3.170883440707585,-0.12186339285714294,1.399915236159118,52,7.19816410281876,112
geliştirme,naive_son_ay,m5,111,2.2650081081081077,3.31759089163119,-0.1617,1.5686486515230096,51,-0.030317534396662182,111
geliştirme,naive_son_ay,m6,110,2.246963636363636,3.2224972891447794,-0.2219709090909091,1.5649416019063906,49,1.6096910270582576,110
geliştirme,naive_son_ay,m7,109,2.2986266055045874,3.405639499162658,-0.2775146788990826,1.6368329522610285,48,-0.332612925612219,109
geliştirme,naive_son_ay,m8,108,2.33542037037037,3.4504049409963247,-0.30820000000000003,1.6159667482033,46,-1.0884145987109628,108
geliştirme,naive_son_ay,m9,107,2.385240186915888,3.5122247626888656,-0.334066355140187,1.7310905897135584,45,-3.500146194265219,107
geliştirme,naive_son_ay,yearend,27,12.532520484783584,23.632957297342386,5.699972727006565,3.560967870930164,12,-41.86207553191523,27
geliştirme,naive_son_ay,yoy1,115,2.2574861000991215,3.5715887544199143,0.04547038151600635,1.161113981312923,57,29.27546831059471,115
geliştirme,naive_son_ay,yoy10,106,28.437468309848597,50.68364083317019,1.8318238602799695,3.660075342977761,43,-52.69156354623499,106
geliştirme,naive_son_ay,yoy11,105,31.622403944431092,57.63698415191188,2.3799495647050155,3.9155248118068,42,-60.07482289659036,105
geliştirme,naive_son_ay,yoy12,104,34.22801112979177,61.879480038862326,2.024738200081163,4.104171058276751,40,-66.00204362370124,104
geliştirme,naive_son_ay,yoy2,114,4.503498083202835,7.249460592266785,0.13693887509727395,1.3217325169300567,55,24.256435349917137,114
geliştirme,naive_son_ay,yoy3,113,6.88390225475883,10.881119224856654,0.25565293404895173,1.607507221126569,54,16.523963014178143,113
geliştirme,naive_son_ay,yoy4,112,9.599073492295533,15.499919840468511,0.4877568962035164,1.9725806732375704,52,5.598617013137663,112
geliştirme,naive_son_ay,yoy5,111,12.255584682111097,20.609477320365478,0.6196103579587577,2.236839593820547,51,-3.1794135525296863,111
geliştirme,naive_son_ay,yoy6,110,14.71454915423726,25.39212098505685,0.6290897130277585,2.5093626124784447,49,-10.003041004457192,110
geliştirme,naive_son_ay,yoy7,109,18.10450692512479,31.299978502744963,0.9397595664214249,2.816351416528669,48,-22.674814807356757,109
geliştirme,naive_son_ay,yoy8,108,21.524187750806195,37.549110316234895,1.3534339606793064,3.0424349976593406,46,-32.7193902735859,108
geliştirme,naive_son_ay,yoy9,107,24.80659584241266,43.461637398481564,1.4753919334633074,3.315927238922129,45,-42.16213464316583,107
geliştirme,ortalama_12ay,c12,104,20.619029972535106,31.7386741590975,-9.176293610748981,2.6340066758933034,40,2.220446049250313e-14,104
geliştirme,ortalama_12ay,c6,110,8.973202550797954,14.182542745024195,-2.961370769804515,1.8286600401229087,49,17.94990384092785,110
geliştirme,ortalama_12ay,m1,115,1.6260124638804447,2.4671630648971994,-0.2633345915391627,1.0109599137223204,57,27.991509021979322,115
geliştirme,ortalama_12ay,m10,106,1.7669670884870023,2.7930975660591364,-0.6611052751963389,1.3223195218110113,43,23.973559238941178,106
geliştirme,ortalama_12ay,m11,105,1.7971778162970937,2.8237792371365007,-0.7235132344672084,1.3297204896093082,42,23.322267068511337,105
geliştirme,ortalama_12ay,m12,104,1.8107113454682489,2.856704200201753,-0.7667134469611472,1.3734335062641718,40,22.932592129764085,104
geliştirme,ortalama_12ay,m2,114,1.696108940972697,2.570726041686003,-0.31765362545112086,1.105170608921943,55,24.502500580459284,114
geliştirme,ortalama_12ay,m3,113,1.7283761818535437,2.636823780624213,-0.35057909351644473,1.1529262645094,54,23.382080576199947,113
geliştirme,ortalama_12ay,m4,112,1.7444612002805806,2.694134523553421,-0.3914750833467444,1.1961498811960862,52,22.99996633107668,112
geliştirme,ortalama_12ay,m5,111,1.7593767239086846,2.7091213951321054,-0.43220916849539875,1.2570515944777965,51,22.300051940117694,111
geliştirme,ortalama_12ay,m6,110,1.7661012596930414,2.728661707682686,-0.48393926713868346,1.255922812082996,49,22.665749544609703,110
geliştirme,ortalama_12ay,m7,109,1.7428259001160422,2.7449907202588046,-0.5483220613691966,1.2830728951400394,48,23.927498265996395,109
geliştirme,ortalama_12ay,m8,108,1.7520276136120796,2.7563765361230104,-0.5950522731634723,1.277986514128478,46,24.163676895084805,108
geliştirme,ortalama_12ay,m9,107,1.7604634287643837,2.7663106257740178,-0.6213159875676788,1.3317651293235342,45,23.610115557223576,107
geliştirme,ortalama_12ay,yearend,27,8.60653598067937,12.744568610467638,-0.257078898273505,2.6087568468461755,12,2.5781718177365853,27
geliştirme,ortalama_12ay,yoy1,115,2.311384119901588,3.6481796956829418,-0.19335124129281536,1.1889335488033774,57,27.586903225144855,115
geliştirme,ortalama_12ay,yoy10,106,17.134176891184083,27.247927760488412,-6.904984778605442,2.387900751012817,43,8.000099337724965,106
geliştirme,ortalama_12ay,yoy11,105,18.872079059044438,29.519713267745807,-8.007529895372462,2.5053363352445577,42,4.468214422420658,105
geliştirme,ortalama_12ay,yoy12,104,20.619029972535106,31.7386741590975,-9.176293610748981,2.6340066758933034,40,2.220446049250313e-14,104
geliştirme,ortalama_12ay,yoy2,114,4.308682507431345,6.6434798121011,-0.4966086589574994,1.2689943302452178,55,27.533005226415597,114
geliştirme,ortalama_12ay,yoy3,113,6.1069867813299625,9.495552621792712,-0.9161050532229061,1.4779355946443502,54,25.945047508800666,113
geliştirme,ortalama_12ay,yoy4,112,7.783285223159861,12.354459444375024,-1.472863751620029,1.7067547013634277,52,23.4558533344669,112
geliştirme,ortalama_12ay,yoy5,111,9.327395875854508,15.033397161894191,-2.168421268238255,1.859666230599959,51,21.47292345442193,111
geliştirme,ortalama_12ay,yoy6,110,10.890522284306263,17.58051489825331,-2.970578583413136,2.004750946159035,49,18.584622821724807,110
geliştirme,ortalama_12ay,yoy7,109,12.289012366190912,20.124946938828337,-3.83075766464944,2.080650457255853,48,16.73055099359487,109
geliştirme,ortalama_12ay,yoy8,108,13.874455884861137,22.5670320426428,-4.798954177789308,2.141943497268338,46,14.449300167084566,108
geliştirme,ortalama_12ay,yoy9,107,15.458152453925242,24.92185814524876,-5.838707070417092,2.2464864813569014,45,11.412111341280584,107
geliştirme,ortalama_3ay,c12,104,29.240344736931792,42.272268836730085,-2.7506341663708573,3.549846994584304,40,-41.81241685899102,104
geliştirme,ortalama_3ay,c6,110,10.626559522037486,15.419757594314376,-1.1560500986075066,2.0419532573542236,49,2.8317676228378774,110
geliştirme,ortalama_3ay,m1,115,1.497538050063235,2.2705016002655367,-0.08429809961277694,0.9181764343133917,57,33.681040236386586,115
geliştirme,ortalama_3ay,m10,106,2.173974353700085,3.24728981307791,-0.4025676851600995,1.5666887629386126,43,6.46145392602403,106
geliştirme,ortalama_3ay,m11,105,2.2048676646759024,3.2316750468245345,-0.45735749971856626,1.5760904951493502,42,5.927920760988448,105
geliştirme,ortalama_3ay,m12,104,2.169213375841189,3.2108303764011086,-0.5171169906714457,1.6166292196415448,40,7.674046218397801,104
geliştirme,ortalama_3ay,m2,114,1.7029265136512277,2.5617162909267477,-0.12984764200638726,1.080313397043183,55,24.199035586609973,114
geliştirme,ortalama_3ay,m3,113,1.8858312120295275,2.734615993366543,-0.15629067850576958,1.2351710928417599,54,16.402189889464136,113
geliştirme,ortalama_3ay,m4,112,1.9485846326966996,2.8565804810221964,-0.1927090331024243,1.3184014110175757,52,13.99001462442403,112
geliştirme,ortalama_3ay,m5,111,2.005359804567146,2.9394475376138414,-0.23212570191197507,1.425741291107629,51,11.436618127994414,111
geliştirme,ortalama_3ay,m6,110,2.0369300903871377,2.9873321301673634,-0.27663786575502397,1.446248119519094,49,10.806664733652728,110
geliştirme,ortalama_3ay,m7,109,2.1154774364599693,3.0948465840796198,-0.3329438854304153,1.525329376675692,48,7.661654016829001,109
geliştirme,ortalama_3ay,m8,108,2.1120376200319826,3.1752521601933186,-0.37088540105091944,1.4924633059280934,46,8.580683250609455,108
geliştirme,ortalama_3ay,m9,107,2.1485865768006165,3.2275317695724755,-0.3831132566027968,1.5720088806706638,45,6.768707809910158,107
geliştirme,ortalama_3ay,yearend,27,10.085294494959468,15.749652962275633,3.5146866417722276,3.0161347945042234,12,-14.160659952055532,27
geliştirme,ortalama_3ay,yoy1,115,2.0857918451212054,3.293937554835838,0.02715809935363955,1.066185841903781,57,34.654458585016016,115
geliştirme,ortalama_3ay,yoy10,106,24.44563915184986,35.75105429232125,-0.9086177401553059,3.1647090989808726,43,-31.25791731222103,106
geliştirme,ortalama_3ay,yoy11,105,27.12680212702623,39.22663688118004,-1.5250062370414341,3.3713764711820398,42,-37.317771724919254,105
geliştirme,ortalama_3ay,yoy12,104,29.240344736931792,42.272268836730085,-2.7506341663708573,3.549846994584304,40,-41.81241685899102,104
geliştirme,ortalama_3ay,yoy2,114,3.8629500160287695,6.246611805058722,0.05063675916742065,1.1106094669486095,55,35.02970382724697,114
geliştirme,ortalama_3ay,yoy3,113,5.97262625261146,9.424999112768566,0.05765362247093543,1.3962161409598983,54,27.574339159039717,113
geliştirme,ortalama_3ay,yoy4,112,8.242465661297814,12.888655803583909,0.011665223583495024,1.7050817913381318,52,18.94007705298225,112
geliştirme,ortalama_3ay,yoy5,111,10.57408381201026,16.43527634615171,-0.10602114170347099,1.9725712140839775,51,10.97709371866702,111
geliştirme,ortalama_3ay,yoy6,110,13.191071568670042,20.09479690488913,-0.20207346401077111,2.271909200788553,49,1.3861742244893893,110
geliştirme,ortalama_3ay,yoy7,109,15.978766646936704,23.990785978033372,-0.2832592736343531,2.518296277086629,48,-8.270954153556321,109
geliştirme,ortalama_3ay,yoy8,108,18.944863226651687,27.983146934017604,-0.4344224869794054,2.7020595807271546,46,-16.81512563295289,108
geliştirme,ortalama_3ay,yoy9,107,21.836191910484132,32.06434196312991,-0.6094755113070123,2.9207167220778456,45,-25.139284494842464,107
geliştirme,ortalama_6ay,c12,104,24.190584825899936,37.01011495910946,-6.045364032263757,3.006066449741413,40,-17.321643443567414,104
geliştirme,ortalama_6ay,c6,110,10.27229245681677,14.96589556687548,-1.7443650302081988,2.0049106529365237,49,6.071151399454755,110
geliştirme,ortalama_6ay,m1,115,1.5653891714110921,2.3560335393961958,-0.14366318389774232,0.9706766837818517,57,30.676231252471563,115
geliştirme,ortalama_6ay,m10,106,1.9888647993636168,3.0241074230540237,-0.5012186299176472,1.4712606911247261,43,14.426073447668852,106
geliştirme,ortalama_6ay,m11,105,1.94017518437963,2.9703221997530838,-0.5751470586940022,1.419259676844453,42,17.22119354072308,105
geliştirme,ortalama_6ay,m12,104,1.8579259762740086,2.9420007912148383,-0.6344327010118965,1.4012418422094421,40,20.92304531886191,104
geliştirme,ortalama_6ay,m2,114,1.7100760257545324,2.543201569785335,-0.19835143460235533,1.1066163904758515,55,23.880795246717835,114
geliştirme,ortalama_6ay,m3,113,1.7582241075239835,2.6546878038792814,-0.22750449001839504,1.1692317492572453,54,22.058939243892972,113
geliştirme,ortalama_6ay,m4,112,1.8304362736829025,2.7752128322520933,-0.26092736239895903,1.2461064106397703,52,19.205050430624347,112
geliştirme,ortalama_6ay,m5,111,1.846568637789047,2.85984083079478,-0.29536652495276494,1.3163989570480548,51,18.449366019540804,111
geliştirme,ortalama_6ay,m6,110,1.8938063739425552,2.917594363758718,-0.3350441236042039,1.3421239998035415,49,17.073782925706638,110
geliştirme,ortalama_6ay,m7,109,1.9465724329254017,2.979650931617818,-0.3853422885453777,1.4150614488199318,48,15.034178245100893,109
geliştirme,ortalama_6ay,m8,108,1.9978672239096993,3.0109681405643514,-0.42305400243617625,1.432679522268426,46,13.52253632534226,108
geliştirme,ortalama_6ay,m9,107,2.014331420975671,3.0264696814023893,-0.4503797720562332,1.5023799833156326,45,12.594296499652335,107
geliştirme,ortalama_6ay,yearend,27,9.560693653978872,15.218786038758946,1.8050925357984342,2.8533602044857886,12,-8.222431946152486,27
geliştirme,ortalama_6ay,yoy1,115,2.223221319122472,3.4773096415628624,-0.01798228914997324,1.1389934079467503,57,30.348945834069674,115
geliştirme,ortalama_6ay,yoy10,106,20.9171666907026,32.06111106683785,-3.5331053008699778,2.771132447160042,43,-12.312209095437932,106
geliştirme,ortalama_6ay,yoy11,105,22.588745081564635,34.707269450888234,-4.673606282972583,2.888562411835086,42,-14.345809216204986,105
geliştirme,ortalama_6ay,yoy12,104,24.190584825899936,37.01011495910946,-6.045364032263757,3.006066449741413,40,-17.321643443567414,104
geliştirme,ortalama_6ay,yoy2,114,4.197601204555582,6.457760066505763,-0.09358146316477158,1.2338622694967016,55,29.401262676589102,114
geliştirme,ortalama_6ay,yoy3,113,6.279551113334642,9.50185550239957,-0.21125870717453193,1.5019170703268294,54,23.852486338150968,113
geliştirme,ortalama_6ay,yoy4,112,8.444815826106685,12.793203790251606,-0.3813474596688697,1.804300261175617,52,16.95007922445132,112
geliştirme,ortalama_6ay,yoy5,111,10.587403759608964,16.109646190970057,-0.6385352902642254,2.0282647174934576,51,10.86495346445371,111
geliştirme,ortalama_6ay,yoy6,110,12.817109161730402,19.45134966518334,-0.9166481758525264,2.2363392154904735,49,4.181842753202735,110
geliştirme,ortalama_6ay,yoy7,109,14.915555405755866,22.768927110787207,-1.2536462059859788,2.3809702907283072,48,-1.0667125438633018,109
geliştirme,ortalama_6ay,yoy8,108,17.058537070393673,26.03210254804914,-1.7654391081466203,2.4728987680814876,46,-5.183929129089293,108
geliştirme,ortalama_6ay,yoy9,107,19.046796181578948,29.144672491066842,-2.5192376213417615,2.5966119746749223,45,-9.15375976969246,107
nihai test,AutoTheta_w120,c12,14,11.544739336423437,13.566714102085237,4.0797124961850715,0.5592028780923873,104,0.1469212379684448,14
nihai test,AutoTheta_w120,c6,20,4.709986261608929,5.802017783452892,0.09789943709491392,0.42820398118919584,114,31.141273190804654,20
nihai test,AutoTheta_w120,m1,25,1.1318576952277968,1.3708870207222097,-0.009091261398479107,0.50828702879695,127,25.105230110172883,25
nihai test,AutoTheta_w120,m10,16,1.2961198732977643,1.5323948095040858,0.3086361686879002,0.5592643203910426,106,-13.828274251392681,16
nihai test,AutoTheta_w120,m11,15,0.8594285584179671,0.9848802367364478,0.24079271982419084,0.36776111330561917,105,14.937259974995342,15
nihai test,AutoTheta_w120,m12,14,0.9526060765953067,1.1590088717507303,0.21332274108144364,0.4057387012935694,104,9.977420434339834,14
nihai test,AutoTheta_w120,m2,24,1.152176213126091,1.5520232653491801,0.026519253961411842,0.5157019038107039,124,25.343139776543744,24
nihai test,AutoTheta_w120,m3,23,1.1791314776154993,1.4878500559868366,0.07610254918599729,0.5231234821723074,122,24.119841342460735,23
nihai test,AutoTheta_w120,m4,22,1.0333548844264995,1.375868413984996,0.03611282125901823,0.4581088664115589,119,29.175522270667486,22
nihai test,AutoTheta_w120,m5,21,0.9427072865874206,1.1837060528978909,-0.053852791202219606,0.42093948500711004,117,28.682348170714643,21
nihai test,AutoTheta_w120,m6,20,1.0408573598866808,1.2951291102012614,-0.05707848343080209,0.45948765812735076,114,19.740809804631088,20
nihai test,AutoTheta_w120,m7,19,0.9983538764515612,1.3162788910252352,-0.04809601939979774,0.43818677903304876,112,19.284431303834936,19
nihai test,AutoTheta_w120,m8,18,1.2401234825965881,1.5804545041264122,0.11498975593070103,0.5410003968465946,109,-6.951247576772923,18
nihai test,AutoTheta_w120,m9,17,1.2011222315805814,1.5019739314204053,0.23225662675972641,0.524436528594749,107,-7.4179490602866105,17
nihai test,AutoTheta_w120,yearend,5,4.510993487592025,5.107686930545187,3.015793948506284,0.5064219685474074,29,34.907241343399775,5
nihai test,AutoTheta_w120,yoy1,25,1.5690569980487075,1.8912150635342833,0.008459281483431766,0.4972772199705204,127,26.5192388834693,25
nihai test,AutoTheta_w120,yoy10,16,10.634089877604087,12.283110775134237,2.430171771645748,0.5683408886907604,106,-2.8384304541180683,16
nihai test,AutoTheta_w120,yoy11,15,10.626033119913355,12.561932704405931,3.7306705214711626,0.5364168875033974,105,1.629416049054233,15
nihai test,AutoTheta_w120,yoy12,14,11.544739336423437,13.566714102085237,4.0797124961850715,0.5592028780923873,104,0.1469212379684448,14
nihai test,AutoTheta_w120,yoy2,24,2.4894263808904813,3.3713386148001394,0.1143613291664239,0.42384191668699334,124,28.071796873196764,24
nihai test,AutoTheta_w120,yoy3,23,3.72407217036645,4.481926122790724,0.33735369268020754,0.45331123376811805,122,22.975970570686112,23
nihai test,AutoTheta_w120,yoy4,22,4.194550332570881,5.340672797468037,0.5468368241126268,0.41283537298702117,119,27.606790735255306,22
nihai test,AutoTheta_w120,yoy5,21,4.837657807131389,6.032163622392072,0.5405848660748682,0.4070391320669144,117,30.56729806563463,21
nihai test,AutoTheta_w120,yoy6,20,5.582996168532533,6.922333156278545,0.27692987339401876,0.4151361793419043,114,31.749891966539945,20
nihai test,AutoTheta_w120,yoy7,19,6.293631954660862,7.814895098640933,0.5107991245681051,0.4237253341883351,112,29.582994257643257,19
nihai test,AutoTheta_w120,yoy8,18,7.710374210470885,9.413050332107055,0.9382676184348218,0.47270188444129313,109,19.406227801014243,18
nihai test,AutoTheta_w120,yoy9,17,8.790141187378511,10.797189658105808,1.720128738889808,0.5011036598666307,107,10.53828012372101,17
nihai test,AutoTheta_w60,c12,14,12.048776977930755,14.114913841397536,4.846453359835867,0.5837461620025615,104,-4.212615071151116,14
nihai test,AutoTheta_w60,c6,20,5.360931322993375,6.518568828235403,0.3380148783494028,0.488143889493949,114,21.624632236876508,20
nihai test,AutoTheta_w60,m1,25,1.1332718724140955,1.4031679931301195,0.05256190831318202,0.509059566834204,127,25.01165432286513,25
nihai test,AutoTheta_w60,m10,16,1.2452166743028645,1.4682061651740856,0.20490002729148335,0.5373902406974328,106,-9.357836435542954,16
nihai test,AutoTheta_w60,m11,15,0.8863599959183954,1.018773257744716,0.2153570529154709,0.37910663836660347,105,12.271695927629256,15
nihai test,AutoTheta_w60,m12,14,0.9510740961682146,1.191153046730014,0.2867077711230741,0.4049681389763176,104,10.122194683926654,14
nihai test,AutoTheta_w60,m2,24,1.164236807890732,1.5340854848886736,0.047996250460835034,0.521243287666076,124,24.561656764398798,24
nihai test,AutoTheta_w60,m3,23,1.2369501762103088,1.5790026392200136,0.08246194569224248,0.5488005892329387,122,20.39905862566075,23
nihai test,AutoTheta_w60,m4,22,1.0829257218555093,1.3977027662651769,0.01802320397610744,0.48000697325504493,119,25.778016994961806,22
nihai test,AutoTheta_w60,m5,21,1.0742329680551277,1.2881602790067816,-0.04484681010829229,0.47929485088421037,117,18.732172871360397,21
nihai test,AutoTheta_w60,m6,20,1.1306474806709392,1.3524090195550538,-0.09421441659290335,0.49931204611918023,114,12.81720753267951,20
nihai test,AutoTheta_w60,m7,19,0.9865473337637399,1.3045982016444144,-0.08830637638302807,0.4336753098740857,112,20.238974407098254,19
nihai test,AutoTheta_w60,m8,18,1.204453324038599,1.4633352276414748,0.029344109332190324,0.5259774983845404,109,-3.874966857492934,18
nihai test,AutoTheta_w60,m9,17,1.205957338749098,1.468100783809026,0.159808237987618,0.5267909150717935,107,-7.850359086404679,17
nihai test,AutoTheta_w60,yearend,5,5.45210922979593,6.768786187041147,3.8853955615397937,0.613125194247202,29,21.32712422647026,5
nihai test,AutoTheta_w60,yoy1,25,1.5701449618148373,1.9507373490736637,0.1180317014936864,0.49774780445142164,127,26.468288277021056,25
nihai test,AutoTheta_w60,yoy10,16,11.036827247373974,12.822482522193429,2.818333483864456,0.590236692474502,106,-6.73315764460205,16
nihai test,AutoTheta_w60,yoy11,15,10.888396953705591,13.116730736528574,4.206867296182986,0.5499770561660858,105,-0.7994191753894819,15
nihai test,AutoTheta_w60,yoy12,14,12.048776977930755,14.114913841397536,4.846453359835867,0.5837461620025615,104,-4.212615071151116,14
nihai test,AutoTheta_w60,yoy2,24,2.7643056268189823,3.4642092877804633,0.2847547548986012,0.4702259037008481,124,20.129577577916645,24
nihai test,AutoTheta_w60,yoy3,23,4.139360823645078,4.924143413640435,0.5535716026682861,0.5038343527228111,122,14.386661881578277,23
nihai test,AutoTheta_w60,yoy4,22,4.745307701490126,6.029469181217406,0.7777874704733123,0.46733891924159787,119,18.101339542389596,22
nihai test,AutoTheta_w60,yoy5,21,5.520013622873075,6.950922587247105,0.850314458527431,0.46463379383686276,117,20.77375543479132,21
nihai test,AutoTheta_w60,yoy6,20,6.409867458124121,7.925155992237044,0.6273314040838261,0.4773799941093266,114,21.641689642764085,20
nihai test,AutoTheta_w60,yoy7,19,7.135406043603926,8.637265020847831,0.8813439581243425,0.4811286803709132,112,20.164710620804026,19
nihai test,AutoTheta_w60,yoy8,18,8.454450124940694,9.962155128531696,1.2989210363310049,0.5188753492234468,109,11.628669525296075,18
nihai test,AutoTheta_w60,yoy9,17,9.537851860002423,11.37038357426415,2.108716561784808,0.5440941465881357,107,2.9284498244270707,17
nihai test,AutoTheta_wtum,c12,14,8.513979582989572,11.86679540638765,7.125805322490892,0.4126571125700285,104,26.36065231924395,14
nihai test,AutoTheta_wtum,c6,20,4.3987547661962605,5.876984187877658,1.9864314273047499,0.4009457040235402,114,35.691393578993946,20
nihai test,AutoTheta_wtum,m1,25,1.2017234457033337,1.38771855984142,0.28436901363475203,0.539468832124981,127,20.48222906763254,25
nihai test,AutoTheta_wtum,m10,16,1.1568124488608489,1.3576151277938369,0.35331870881071353,0.49844278209226567,106,-1.593970896630803,16
nihai test,AutoTheta_wtum,m11,15,1.0894586272900675,1.241580194647103,0.3221479560129967,0.46598152327045117,105,-7.830179801988835,15
nihai test,AutoTheta_wtum,m12,14,1.0844593560670392,1.329896866671077,0.4088117939817842,0.4618304653996056,104,-2.4828951503148566,14
nihai test,AutoTheta_wtum,m2,24,1.1839578086986589,1.3801103869576012,0.2806403010094118,0.5302118461712136,124,23.28380708827209,24
nihai test,AutoTheta_wtum,m3,23,1.2230345535124396,1.4469137213165786,0.30044000390056586,0.5430928052554027,122,21.294564918367055,23
nihai test,AutoTheta_wtum,m4,22,1.1974029531066088,1.4034002840043798,0.2577669975848254,0.5312937519003461,119,17.931932133458606,22
nihai test,AutoTheta_wtum,m5,21,1.110932497287579,1.3550528500873822,0.2159094231256931,0.4955577109684587,117,15.955781635886556,21
nihai test,AutoTheta_wtum,m6,20,1.0686017283573137,1.3116610322042204,0.1532243384398346,0.4717982265009811,114,17.60147675886452,20
nihai test,AutoTheta_wtum,m7,19,0.9547064950279666,1.151416602712674,0.11932417590964073,0.41981417639552304,112,22.81326341116917,19
nihai test,AutoTheta_wtum,m8,18,1.0622386686289456,1.2442708628422907,0.20820264327615323,0.46386595615796256,109,8.389968879322819,18
nihai test,AutoTheta_wtum,m9,17,1.085620208430646,1.2567780867157827,0.3246266434626885,0.4732802610538704,107,2.9115495643064704,17
nihai test,AutoTheta_wtum,yearend,5,4.339129242134446,6.595164349139654,3.603300885662075,0.49010603088402027,29,37.387208978476224,5
nihai test,AutoTheta_wtum,yoy1,25,1.6841534058323218,1.955412572060774,0.4585119069443161,0.5335068143584595,127,21.12914046369473,25
nihai test,AutoTheta_wtum,yoy10,16,7.09519983627598,9.945032934496876,5.205902139277186,0.3799439800010586,106,31.384892988572975,16
nihai test,AutoTheta_wtum,yoy11,15,7.768734582652058,10.731002142119454,6.217997140814646,0.39261757245175566,105,28.08087939955326,15
nihai test,AutoTheta_wtum,yoy12,14,8.513979582989572,11.86679540638765,7.125805322490892,0.4126571125700285,104,26.36065231924395,14
nihai test,AutoTheta_wtum,yoy2,24,2.3872462743617,3.0887925704455172,0.9528463637155081,0.4057666310205758,124,31.024136221063557,24
nihai test,AutoTheta_wtum,yoy3,23,3.2163739615401834,4.350768077407482,1.4235825130385473,0.39135148894514393,122,33.47656239299668,23
nihai test,AutoTheta_wtum,yoy4,22,3.830509239310969,5.493298492767628,1.8975888816594604,0.3772076351223783,119,33.88972953818023,22
nihai test,AutoTheta_wtum,yoy5,21,4.371042093949584,6.485320886737286,2.3104745678010725,0.36808070388542435,117,37.264421141079076,21
nihai test,AutoTheta_wtum,yoy6,20,5.330343009423895,7.339925886435653,2.5740817855739433,0.3973585657471435,114,34.83848541773193,20
nihai test,AutoTheta_wtum,yoy7,19,5.41308851433483,7.498258881595695,3.1091940687415236,0.36536280116578257,112,39.43505312294021,19
nihai test,AutoTheta_wtum,yoy8,18,5.993026135309555,8.081027646633936,3.740128860178965,0.3680867672305694,109,37.357050391175676,18
nihai test,AutoTheta_wtum,yoy9,17,6.4619617420823054,8.878141211819004,4.566544585023576,0.36912461388502327,107,34.23334177482017,17
nihai test,BIRLESIM_mean_3,c12,14,14.484197962311729,15.708811854231016,14.484197962311729,0.7018778238629743,104,-25.277125605820004,14
nihai test,BIRLESIM_mean_3,c6,20,5.19511209525785,6.40737439230401,5.1531446577496185,0.47189736644187824,114,24.04886455267351,20
nihai test,BIRLESIM_mean_3,m1,25,1.0914165190788716,1.3554456109820128,0.4845564129969642,0.49013487088897784,127,27.78121366757419,25
nihai test,BIRLESIM_mean_3,m10,16,1.2041258084896946,1.3547292992870117,0.7606038955377932,0.5191149344558554,106,-5.749140635587313,16
nihai test,BIRLESIM_mean_3,m11,15,1.1706365027634584,1.3051935392163558,0.8020403371448945,0.500793180076774,105,-15.864835445601999,15
nihai test,BIRLESIM_mean_3,m12,14,1.2452506622248372,1.4394562608842194,0.871062898727026,0.5303441214496583,104,-17.677893909708775,14
nihai test,BIRLESIM_mean_3,m2,24,1.153600220160862,1.4051048363167664,0.6779164024134708,0.5164781740123034,124,25.25086926015836,24
nihai test,BIRLESIM_mean_3,m3,23,1.2988741963323058,1.5464969256235495,0.8199392005512769,0.5771286819183071,122,16.414087856267024,23
nihai test,BIRLESIM_mean_3,m4,22,1.2084271718578006,1.434784965167804,0.799370060294062,0.5365932577578257,119,17.17634995429235,22
nihai test,BIRLESIM_mean_3,m5,21,1.10494551279642,1.313670548659166,0.7417716340179451,0.4936849053428083,117,16.408708733748977,21
nihai test,BIRLESIM_mean_3,m6,20,1.070354342052156,1.3180266077149094,0.6968526998361975,0.4728693820665361,114,17.46633494088413,20
nihai test,BIRLESIM_mean_3,m7,19,1.0864997526447162,1.354156217466103,0.7025517881009027,0.47831885124061696,112,12.157955719405766,19
nihai test,BIRLESIM_mean_3,m8,18,1.198227043675239,1.447044121660311,0.8169269540434043,0.5224736959529769,109,-3.337997384719271,18
nihai test,BIRLESIM_mean_3,m9,17,1.2661567174384227,1.4475985051666447,0.8904615722104117,0.552011624964963,107,-13.23406910649263,17
nihai test,BIRLESIM_mean_3,yearend,5,5.583283989759257,6.8591901631254695,5.583283989759257,0.6279433058078585,29,19.434297953141233,5
nihai test,BIRLESIM_mean_3,yoy1,25,1.5246853614703673,1.905238825554491,0.7142668796045325,0.4832243721690974,127,28.5972141462018,25
nihai test,BIRLESIM_mean_3,yoy10,16,11.393780425443005,12.956436741354809,11.393780425443005,0.6090907064251234,106,-10.185122504851929,16
nihai test,BIRLESIM_mean_3,yoy11,15,13.00340263110595,14.23851321323539,13.00340263110595,0.6564958819196147,105,-20.3791006235436,15
nihai test,BIRLESIM_mean_3,yoy12,14,14.484197962311729,15.708811854231016,14.484197962311729,0.7018778238629743,104,-25.277125605820004,14
nihai test,BIRLESIM_mean_3,yoy2,24,2.4016559338786023,3.24366366557036,1.7392850522291967,0.4081953064806388,124,30.607790943823787,24
nihai test,BIRLESIM_mean_3,yoy3,23,3.7505958578399117,4.743550244249625,2.9786265061823465,0.4563270205753906,122,22.427387946324995,23
nihai test,BIRLESIM_mean_3,yoy4,22,4.460677653824193,5.9976421187350795,4.209512908882553,0.4393893451477331,119,23.01373323658685,22
nihai test,BIRLESIM_mean_3,yoy5,21,5.414712980403981,6.997774497978463,5.322111698476316,0.4550217378192276,117,22.285087656610713,21
nihai test,BIRLESIM_mean_3,yoy6,20,6.284852906835622,7.889114596675114,6.237694068991166,0.46699215968292435,114,23.169947297548987,20
nihai test,BIRLESIM_mean_3,yoy7,19,7.827236065426405,8.832940920211046,7.442627446780935,0.5268939146855974,112,12.424092966266675,19
nihai test,BIRLESIM_mean_3,yoy8,18,8.869762384354715,10.138109601775495,8.627253224403443,0.5433983749806914,109,7.287559650083475,18
nihai test,BIRLESIM_mean_3,yoy9,17,10.14460870493713,11.620787712102869,10.14460870493713,0.5781143769677541,107,-3.2468219644384844,17
nihai test,BIRLESIM_median_3,c12,14,13.820771730593275,15.284766240420252,13.820771730593275,0.6696952875104408,104,-19.53900109402802,14
nihai test,BIRLESIM_median_3,c6,20,4.930420862862584,6.14002464894305,4.819304943441118,0.44786804316350787,114,27.91857886773581,20
nihai test,BIRLESIM_median_3,m1,25,1.1004450256194165,1.352429215820741,0.46358704256604616,0.4946834064983489,127,27.183799414303756,25
nihai test,BIRLESIM_median_3,m10,16,1.2129114508222245,1.327864498835236,0.6909853475040189,0.5232002399614702,106,-6.520716263354975,16
nihai test,BIRLESIM_median_3,m11,15,1.20377734945908,1.3075247962095613,0.7785037658300069,0.5151722450350849,105,-19.14498153693913,15
nihai test,BIRLESIM_median_3,m12,14,1.1848146330475804,1.3806412833230748,0.8075262322523307,0.5046743240332798,104,-11.966606338788232,14
nihai test,BIRLESIM_median_3,m2,24,1.151041534052446,1.4104486265097622,0.6400475723311557,0.515159165990357,124,25.416662885278786,24
nihai test,BIRLESIM_median_3,m3,23,1.2749953515809491,1.5209184740491466,0.7762707860048522,0.5663300384033977,122,17.950753243197305,23
nihai test,BIRLESIM_median_3,m4,22,1.2041407519896221,1.43672636003277,0.7571424937921996,0.534535725513542,119,17.47013426118209,22
nihai test,BIRLESIM_median_3,m5,21,1.0755852488739197,1.26210133265467,0.6255401370898743,0.480425706076684,117,18.629870179971274,21
nihai test,BIRLESIM_median_3,m6,20,1.066236349131799,1.2751724555418504,0.587275116755074,0.47122259067913796,114,17.78386814932884,20
nihai test,BIRLESIM_median_3,m7,19,1.1089035739267394,1.3661394955820982,0.6892856666964208,0.4883172195514805,112,10.346636889079686,19
nihai test,BIRLESIM_median_3,m8,18,1.2697022554516302,1.5222067592399104,0.82639426518506,0.5536735144080794,109,-9.502192464948877,18
nihai test,BIRLESIM_median_3,m9,17,1.2973313491490162,1.456476174809832,0.8698026622541261,0.5657478992554443,107,-16.02205763340141,17
nihai test,BIRLESIM_median_3,yearend,5,5.322105634910729,6.47080799914438,5.322105634910729,0.5985737706761425,29,23.20305081550863,5
nihai test,BIRLESIM_median_3,yoy1,25,1.5342634234281982,1.9000629019014983,0.6849770903052675,0.486742303558375,127,28.148662383226984,25
nihai test,BIRLESIM_median_3,yoy10,16,10.962309788477242,12.70610520721612,10.962309788477242,0.5859913728360191,106,-6.012526297437248,16
nihai test,BIRLESIM_median_3,yoy11,15,12.56081120691084,13.993920114789269,12.56081120691084,0.634053908059334,105,-16.281807084324097,15
nihai test,BIRLESIM_median_3,yoy12,14,13.820771730593275,15.284766240420252,13.820771730593275,0.6696952875104408,104,-19.53900109402802,14
nihai test,BIRLESIM_median_3,yoy2,24,2.4523911629335378,3.2413040667364728,1.6717717036894362,0.41649543149588863,124,29.1418733777687,24
nihai test,BIRLESIM_median_3,yoy3,23,3.7665545252526242,4.711868751694854,2.8531281526297048,0.4580450383220255,122,22.097318921822584,23
nihai test,BIRLESIM_median_3,yoy4,22,4.503351756186724,5.959430403425294,4.0351455211809375,0.443244185890237,119,22.27722634608008,22
nihai test,BIRLESIM_median_3,yoy5,21,5.116666710163494,6.742041262098011,5.002140442694505,0.4295405804181073,117,26.562810197000186,21
nihai test,BIRLESIM_median_3,yoy6,20,5.961201975601699,7.540265575533717,5.835960109183617,0.44294166451128314,114,27.12646282345006,20
nihai test,BIRLESIM_median_3,yoy7,19,7.50760130425217,8.502608764287531,7.086852038492289,0.5054851672900174,112,16.000362277088776,19
nihai test,BIRLESIM_median_3,yoy8,18,8.642132961553733,9.864841672650797,8.222801231952854,0.5295229693279779,109,9.666888246365524,18
nihai test,BIRLESIM_median_3,yoy9,17,9.75540558854267,11.392692156063491,9.75540558854267,0.5559541369812674,107,0.7142953181657252,17
nihai test,ETS_damped_seasonal_w120,c12,14,10.935159410723086,12.87371990218508,1.9861220613701973,0.529758549642261,104,5.419316790518658,14
nihai test,ETS_damped_seasonal_w120,c6,20,4.140167535598372,5.0246667492622406,0.6092940813807253,0.37557631580196077,114,39.471869036687515,20
nihai test,ETS_damped_seasonal_w120,m1,25,1.1793310835720994,1.4245246961365519,0.05807853574303511,0.530079816420364,127,21.963926648679553,25
nihai test,ETS_damped_seasonal_w120,m10,16,1.032961164060584,1.3902571109334387,0.20578538496529597,0.4459020812371526,106,9.282938178733035,16
nihai test,ETS_damped_seasonal_w120,m11,15,0.7016957843242244,0.9157676390998399,0.08549251456884922,0.30046889380306424,105,30.54900783319675,15
nihai test,ETS_damped_seasonal_w120,m12,14,0.8713299130697093,1.0694034258774803,0.08763216024575844,0.37104514474197775,104,17.658129257786726,14
nihai test,ETS_damped_seasonal_w120,m2,24,1.1062688011558388,1.4572175516906234,0.06993012254941096,0.4956913157196743,124,28.317774385068397,24
nihai test,ETS_damped_seasonal_w120,m3,23,1.136210757523789,1.4376026018186054,0.14370098045145832,0.5046082941272939,122,26.88190063108302,23
nihai test,ETS_damped_seasonal_w120,m4,22,0.9411182968589387,1.2151977254418864,0.13385991400012726,0.41790208291646586,119,35.49726927207046,22
nihai test,ETS_damped_seasonal_w120,m5,21,0.7861478545072397,0.9749747974870934,0.032331142925749366,0.3511927502750828,117,40.52637571409312,21
nihai test,ETS_damped_seasonal_w120,m6,20,0.9028296757899945,1.095335659246662,0.016044652336437558,0.39917083536443887,114,30.38394937117872,20
nihai test,ETS_damped_seasonal_w120,m7,19,0.9387558671992428,1.18597895005771,0.04297656833748798,0.41209130256723153,112,24.102850226650208,19
nihai test,ETS_damped_seasonal_w120,m8,18,1.080336935844533,1.4374981558462958,0.10938873183165393,0.4712791693232897,109,6.829130555681018,18
nihai test,ETS_damped_seasonal_w120,m9,17,0.946905732183014,1.4390519258410097,0.17651641464504617,0.41345927989865294,107,15.316968556414135,17
nihai test,ETS_damped_seasonal_w120,yearend,5,5.804676082031239,6.403469008164374,0.9235904643969995,0.6494571916729317,29,16.23965312149185,5
nihai test,ETS_damped_seasonal_w120,yoy1,25,1.6412261258945238,1.9781671619076815,0.10674880578380282,0.5205215713644836,127,23.13947482784754,25
nihai test,ETS_damped_seasonal_w120,yoy10,16,9.702442600840094,11.290745791876283,1.9055985556002302,0.5184320871713397,106,6.171192821780802,16
nihai test,ETS_damped_seasonal_w120,yoy11,15,10.311788331881564,12.01760692320218,2.304569894997586,0.5204072020594447,105,4.538539609406977,15
nihai test,ETS_damped_seasonal_w120,yoy12,14,10.935159410723086,12.87371990218508,1.9861220613701973,0.529758549642261,104,5.419316790518658,14
nihai test,ETS_damped_seasonal_w120,yoy2,24,2.6738257792900004,3.329157436779134,0.3061746261432627,0.4553598947701419,124,22.74385567101649,24
nihai test,ETS_damped_seasonal_w120,yoy3,23,3.914221866422321,4.501231093342608,0.6529588405920626,0.4761675642651017,122,19.04315318290135,23
nihai test,ETS_damped_seasonal_w120,yoy4,22,4.270166235456292,5.155306785795921,1.0248313477129474,0.4197889641802007,119,26.301745510545583,22
nihai test,ETS_damped_seasonal_w120,yoy5,21,4.624487045107927,5.510148068717341,1.0097946747039785,0.3880837474022524,117,33.62684104506525,21
nihai test,ETS_damped_seasonal_w120,yoy6,20,4.931058420692176,6.030414214294975,0.8245696949115056,0.3658701104992831,114,39.71959503959261,20
nihai test,ETS_damped_seasonal_w120,yoy7,19,5.790624930315675,6.834603076537863,1.0827266636869084,0.389236260478563,112,35.210944664805155,19
nihai test,ETS_damped_seasonal_w120,yoy8,18,7.019674867345834,8.37788796289777,1.1496776622811395,0.4296435825678153,109,26.625859948337727,18
nihai test,ETS_damped_seasonal_w120,yoy9,17,8.360009447005737,9.944107432579091,1.5061795242693188,0.47618227152907455,107,14.915948746652596,17
nihai test,ETS_damped_seasonal_w60,c12,14,14.753144485233467,18.492718038993004,3.0323645790583607,0.7147249210037582,104,-27.603305310142257,14
nihai test,ETS_damped_seasonal_w60,c6,20,6.64391904888023,8.2114944642959,1.6185659634412353,0.6030366787900477,114,2.8676982652230176,20
nihai test,ETS_damped_seasonal_w60,m1,25,1.7076071634338612,2.097498573414965,0.1197611562890948,0.769637456639597,127,-12.991983097186278,25
nihai test,ETS_damped_seasonal_w60,m10,16,1.569996621232065,1.9785553361889616,0.28270212297756936,0.6778472812627667,106,-37.88076987097273,16
nihai test,ETS_damped_seasonal_w60,m11,15,0.9851560772382876,1.2065101429081166,0.07113170153576487,0.4218435368395958,105,2.4932619920930543,15
nihai test,ETS_damped_seasonal_w60,m12,14,0.9937347241094788,1.2518404101895986,0.005176034734233004,0.42311950949292265,104,6.09070688690413,14
nihai test,ETS_damped_seasonal_w60,m2,24,1.7959993159680498,2.2800516369648927,0.13275547520272815,0.8063435477596647,124,-16.374273627688574,24
nihai test,ETS_damped_seasonal_w60,m3,23,1.5886611153335801,2.099072097416272,0.23819261518404164,0.7054628036495324,122,-2.234449485101919,23
nihai test,ETS_damped_seasonal_w60,m4,22,1.4258041458655215,1.8388536489084346,0.19702321342220622,0.6335249007740005,119,2.2776826266356798,22
nihai test,ETS_damped_seasonal_w60,m5,21,1.2915721104456086,1.6099098081309688,0.03517222981445258,0.5779410980243377,117,2.290041250642927,21
nihai test,ETS_damped_seasonal_w60,m6,20,1.1962699852297913,1.622780881814341,0.03431764428256865,0.5299840303261285,114,7.75713947968637,20
nihai test,ETS_damped_seasonal_w60,m7,19,1.367587448558934,1.7505479426390826,0.06600332768654583,0.6023017450946174,112,-10.567606593079137,19
nihai test,ETS_damped_seasonal_w60,m8,18,1.5878364074592577,2.0847421215714084,0.10604274816380845,0.6934446774831348,109,-36.93885093604949,18
nihai test,ETS_damped_seasonal_w60,m9,17,1.4356887739997721,2.2193079971113208,0.20955584525767645,0.6275260756518726,107,-28.395545047062587,17
nihai test,ETS_damped_seasonal_w60,yearend,5,8.449603310819684,9.756770313336103,0.5672349407494941,0.9432391823724208,29,-21.926132362649685,5
nihai test,ETS_damped_seasonal_w60,yoy1,25,2.366755527942199,2.9125485481990823,0.20122642984269276,0.7527428972185426,127,-10.83790951267316,25
nihai test,ETS_damped_seasonal_w60,yoy10,16,14.194073018624842,17.683680732699933,4.179998438227832,0.7578707083671277,106,-37.265737621864204,16
nihai test,ETS_damped_seasonal_w60,yoy11,15,14.87231992644028,18.30334856260598,4.081152732499871,0.7503139035314369,105,-37.68061696773126,15
nihai test,ETS_damped_seasonal_w60,yoy12,14,14.753144485233467,18.492718038993004,3.0323645790583607,0.7147249210037582,104,-27.603305310142257,14
nihai test,ETS_damped_seasonal_w60,yoy2,24,4.534171386207592,5.2381948415710236,0.5931344363698416,0.7739567129498012,124,-31.0080117180322,24
nihai test,ETS_damped_seasonal_w60,yoy3,23,5.641799023789548,6.777413300581789,1.3104672430310018,0.6865883009806207,122,-16.687882018108226,23
nihai test,ETS_damped_seasonal_w60,yoy4,22,6.292844714286508,7.821658169038888,1.9310344985695833,0.6181840421668425,119,-8.607404406247522,22
nihai test,ETS_damped_seasonal_w60,yoy5,21,6.828811973219369,8.813042504717746,2.002525078097793,0.5728528607475655,117,1.9891680632283526,21
nihai test,ETS_damped_seasonal_w60,yoy6,20,7.929568136670629,9.859019042676579,2.0641283980685303,0.5887701800197724,114,3.0638987293621134,20
nihai test,ETS_damped_seasonal_w60,yoy7,19,9.163164833728393,11.039235328209974,2.661582182346752,0.6156617025573697,112,-2.5230956247715763,19
nihai test,ETS_damped_seasonal_w60,yoy8,18,10.821684818150493,13.277760417456681,2.875179932989232,0.6619728862557384,109,-13.115184456135376,18
nihai test,ETS_damped_seasonal_w60,yoy9,17,12.79331343183339,15.904503230756017,3.343796792348025,0.7280947236206956,107,-30.20403178181994,17
nihai test,ETS_damped_seasonal_wtum,c12,14,10.558848383830119,14.112114126211036,10.253312844582483,0.5118068657317638,104,8.674116531974352,14
nihai test,ETS_damped_seasonal_wtum,c6,20,4.571952685698508,6.4104066486472115,3.081935105388054,0.41660226467126743,114,33.15928678281568,20
nihai test,ETS_damped_seasonal_wtum,m1,25,1.244790639854683,1.4290682834020307,0.407017374500859,0.5585997579118431,127,17.632482487858958,25
nihai test,ETS_damped_seasonal_wtum,m10,16,1.2201699482298674,1.4159547830055847,0.5310073623202147,0.5256470844254664,106,-7.158174457301203,16
nihai test,ETS_damped_seasonal_wtum,m11,15,1.1507739772201016,1.3156017076100424,0.5042816444613328,0.4919916533346258,105,-13.89892352658839,15
nihai test,ETS_damped_seasonal_wtum,m12,14,1.1650589942861898,1.4154553962200158,0.5953110177753694,0.49616550394279296,104,-10.099671405280276,14
nihai test,ETS_damped_seasonal_wtum,m2,24,1.2147028590789348,1.4268177719435347,0.4094218373664953,0.5440797301103845,124,21.291638787404565,24
nihai test,ETS_damped_seasonal_wtum,m3,23,1.238971158150586,1.4917638454500526,0.4371911313118552,0.550397199388066,122,20.269003213534543,23
nihai test,ETS_damped_seasonal_wtum,m4,22,1.197353428120464,1.4433657697584774,0.4012164652412265,0.5313064473580709,119,17.93532649616121,22
nihai test,ETS_damped_seasonal_wtum,m5,21,1.135594613587143,1.3919108071860846,0.36700146905987596,0.5064599314275567,117,14.090044255206458,21
nihai test,ETS_damped_seasonal_wtum,m6,20,1.10740490882147,1.3340742757384867,0.3133176329469853,0.48883845051099095,114,14.60941275367077,20
nihai test,ETS_damped_seasonal_wtum,m7,19,0.9950850881244144,1.183349395497451,0.2883822103255678,0.43744152707179956,112,19.54870844543407,19
nihai test,ETS_damped_seasonal_wtum,m8,18,1.0895781637656459,1.277134107031685,0.3733552530268283,0.47551724348436647,109,6.032144715823451,18
nihai test,ETS_damped_seasonal_wtum,m9,17,1.162214503002008,1.3224947807285632,0.4942769486000368,0.5064918646090406,107,-3.93837945727884,17
nihai test,ETS_damped_seasonal_wtum,yearend,5,4.460248081497146,7.166463248405472,4.312662768284035,0.5044791830597404,29,35.63948768357979,5
nihai test,ETS_damped_seasonal_wtum,yoy1,25,1.7531040657930674,2.034340565315895,0.6348596748649277,0.5551447994231455,127,17.900100996228918,25
nihai test,ETS_damped_seasonal_wtum,yoy10,16,8.33521666595803,11.513487415311962,7.631698793741608,0.44641170383139595,106,19.39313948931399,16
nihai test,ETS_damped_seasonal_wtum,yoy11,15,9.315057366098934,12.640502388635806,8.961532831486007,0.47076797527810993,105,13.765784249015912,15
nihai test,ETS_damped_seasonal_wtum,yoy12,14,10.558848383830119,14.112114126211036,10.253312844582483,0.5118068657317638,104,8.674116531974352,14
nihai test,ETS_damped_seasonal_wtum,yoy2,24,2.4693322936611986,3.2956879080672823,1.3166369733114054,0.4196185726134318,124,28.652385075752306,24
nihai test,ETS_damped_seasonal_wtum,yoy3,23,3.3524617539889756,4.68672189740132,1.9947118326561313,0.407860964205671,122,30.661893489973057,23
nihai test,ETS_damped_seasonal_wtum,yoy4,22,3.9508201543607844,5.952975322922389,2.684538677510316,0.3890871592102124,119,31.813298798417012,22
nihai test,ETS_damped_seasonal_wtum,yoy5,21,4.5831822179862645,7.073447440905461,3.336410575662626,0.3857321233619865,117,34.21967043985238,21
nihai test,ETS_damped_seasonal_wtum,yoy6,20,5.568732929737061,8.034764227585402,3.8685394675099474,0.4150019098571086,114,31.92425489986681,20
nihai test,ETS_damped_seasonal_wtum,yoy7,19,5.891128362749395,8.41479934662769,4.6660016070752,0.39741563783556977,112,34.08645075893405,19
nihai test,ETS_damped_seasonal_wtum,yoy8,18,6.712924987593049,9.179840346833487,5.553354314673843,0.4121907433545229,109,29.832206262539817,18
nihai test,ETS_damped_seasonal_wtum,yoy9,17,7.165373193633444,10.231432609844203,6.65560658289093,0.40922515483850586,107,27.07436709000035,17
nihai test,ElasticNet_wtum,c12,14,7.894440979978051,10.0377171587274,7.885363941791553,0.38267803510389997,104,31.71918273902158,14
nihai test,ElasticNet_wtum,c6,20,3.1686031465947324,4.574228801240104,2.603976357656014,0.28829803882471167,114,53.675877949675545,20
nihai test,ElasticNet_wtum,m1,25,1.0747902902564217,1.295556179439178,0.3232066181503801,0.48306178052294874,127,28.88136750055439,25
nihai test,ElasticNet_wtum,m10,16,0.9999902452726185,1.2541696164126102,0.39308482865907446,0.430765482322128,106,12.178521267485465,16
nihai test,ElasticNet_wtum,m11,15,0.8889973013276076,1.1323166823316142,0.26022629144783166,0.3798060980998851,105,12.010666174553208,15
nihai test,ElasticNet_wtum,m12,14,1.0887542112690496,1.3127391882382158,0.46087697411716927,0.4635972767321918,104,-2.888764852015524,14
nihai test,ElasticNet_wtum,m2,24,1.0351855022626628,1.2817207741609626,0.39740900665999956,0.46368708743375037,124,32.92371560242039,24
nihai test,ElasticNet_wtum,m3,23,1.093726640772859,1.3477676996353232,0.38563273278809584,0.48566697544598764,122,29.61586336609976,23
nihai test,ElasticNet_wtum,m4,22,0.9823620489503037,1.225645691418165,0.23058715144283434,0.4355816332492912,119,32.67048899987951,22
nihai test,ElasticNet_wtum,m5,21,1.0058175320120295,1.1905514520492153,0.44360835710212193,0.44845377969095235,117,23.90793454933905,21
nihai test,ElasticNet_wtum,m6,20,0.950990105964266,1.1604645767591457,0.24237814636216037,0.419690799942358,114,26.670359714985615,20
nihai test,ElasticNet_wtum,m7,19,0.8226805186700968,1.0965079756826233,0.09810755298079304,0.3613673420577866,112,33.487386100278535,19
nihai test,ElasticNet_wtum,m8,18,1.050625672250152,1.2708318716455826,0.45296304373602525,0.4579446571326573,109,9.39150176556085,18
nihai test,ElasticNet_wtum,m9,17,1.0809289755923686,1.296695957429626,0.4680522319097645,0.47104112317497987,107,3.3310927188686112,17
nihai test,ElasticNet_wtum,yearend,5,4.076406301576431,5.936542848547898,4.076406301576431,0.46037270495874266,29,41.17824991221606,5
nihai test,ElasticNet_wtum,yoy1,25,1.4943555368514165,1.8131708904344472,0.4894372422672342,0.4739584705073533,127,30.017595050339096,25
nihai test,ElasticNet_wtum,yoy10,16,6.288348633270543,8.516153103463578,6.052017779878877,0.33683867629347786,106,39.18765864902186,16
nihai test,ElasticNet_wtum,yoy11,15,6.881121585274029,8.963149194175365,6.881121585274029,0.34780071830972514,105,36.2979636010787,15
nihai test,ElasticNet_wtum,yoy12,14,7.894440979978051,10.0377171587274,7.885363941791553,0.38267803510389997,104,31.71918273902158,14
nihai test,ElasticNet_wtum,yoy2,24,2.0964707500350293,2.831866126843696,1.1394860526691328,0.3559940512445418,124,39.4256543935311,24
nihai test,ElasticNet_wtum,yoy3,23,2.8751795365301613,3.8845216662249373,1.7600334607912478,0.3494655285618114,122,40.53339916490698,23
nihai test,ElasticNet_wtum,yoy4,22,2.979982612400359,4.5699482305463945,2.1885773596763656,0.29317660486432345,119,48.56886012556764,22
nihai test,ElasticNet_wtum,yoy5,21,3.536489261506609,5.33512138011725,2.887350590398024,0.2970076548270093,117,49.24237832070306,21
nihai test,ElasticNet_wtum,yoy6,20,3.86986703339961,5.7267654991281045,3.226932006478164,0.2879819170286112,114,52.69227577240637,20
nihai test,ElasticNet_wtum,yoy7,19,4.3117391689835225,5.874863003287507,3.5655258782871644,0.29069810274623614,112,51.75762357743112,19
nihai test,ElasticNet_wtum,yoy8,18,5.271419708232952,6.758302598424747,4.336667018279904,0.32370929348945965,109,44.89974318579479,18
nihai test,ElasticNet_wtum,yoy9,17,5.4700504738338775,7.658294562549774,5.300269705405824,0.31247273479760534,107,44.32852524577302,17
nihai test,LightGBM_sepet_wtum,c12,14,2.052777865452003,2.4194968564918757,-1.7381383310660996,0.0995067190743152,104,82.2450569123516,14
nihai test,LightGBM_sepet_wtum,c6,20,2.0612991331533945,2.5303971803861067,-0.9451990657016591,0.1879684472171192,114,69.86436350382162,20
nihai test,LightGBM_sepet_wtum,m1,25,0.9327973618063505,1.1668889226458994,-0.13262645812951493,0.41917869891986265,127,38.27700773614997,25
nihai test,LightGBM_sepet_wtum,m10,16,0.9222130206147623,1.1665531639193356,-0.08222769787201253,0.3974478131683674,106,19.009098779070865,16
nihai test,LightGBM_sepet_wtum,m11,15,0.8959255501467669,1.155421950612288,-0.1577260550148969,0.3829025634804145,105,11.324936310959256,15
nihai test,LightGBM_sepet_wtum,m12,14,0.9264038328091415,1.190835386803971,-0.11357348673155851,0.39453357844734577,104,12.453568376277602,14
nihai test,LightGBM_sepet_wtum,m2,24,0.9709650433951206,1.1904793705697114,-0.13485642712649976,0.4352114667027,124,37.08496955519196,24
nihai test,LightGBM_sepet_wtum,m3,23,0.9826877771945091,1.2052415550578226,-0.103454550201288,0.4363941303214302,122,36.76150127453456,23
nihai test,LightGBM_sepet_wtum,m4,22,0.9461170510935353,1.1699545625409906,-0.18101857988572426,0.419751005357635,119,35.154662716183246,22
nihai test,LightGBM_sepet_wtum,m5,21,0.9195850958263818,1.1506562107127554,-0.24152567926290802,0.4101958007197029,117,30.43158716959361,21
nihai test,LightGBM_sepet_wtum,m6,20,0.9334257433176033,1.1665616400269128,-0.24919321818372975,0.4116118677356602,114,28.02472542987321,20
nihai test,LightGBM_sepet_wtum,m7,19,0.9519836814423237,1.1883105013470836,-0.27004178479085594,0.41825267088117557,112,23.033399228941477,19
nihai test,LightGBM_sepet_wtum,m8,18,0.9156152388030642,1.1582968908403242,-0.19581270032558892,0.39918986601557005,109,21.03512798156735,18
nihai test,LightGBM_sepet_wtum,m9,17,0.8789662975077861,1.135995542632536,-0.11262860131543724,0.38334679906507024,107,21.392882015716964,17
nihai test,LightGBM_sepet_wtum,yearend,5,2.6204094926577937,3.0683406103757873,1.3901925102532489,0.29432108743622487,29,62.18800067962671,5
nihai test,LightGBM_sepet_wtum,yoy1,25,1.2884099865969787,1.6083573456316387,-0.14888818772165024,0.40855022740523933,127,39.66226430077321,25
nihai test,LightGBM_sepet_wtum,yoy10,16,2.5015308161906384,3.022189287420828,-1.461695605690332,0.13382506942065486,106,75.8086017862758,16
nihai test,LightGBM_sepet_wtum,yoy11,15,2.1950483179799956,2.5000777110307943,-1.5386230631305773,0.11092536812929368,105,79.67932318641276,15
nihai test,LightGBM_sepet_wtum,yoy12,14,2.052777865452003,2.4194968564918757,-1.7381383310660996,0.0995067190743152,104,82.2450569123516,14
nihai test,LightGBM_sepet_wtum,yoy2,24,1.9178897603025815,2.3745519430613884,-0.2585877959650764,0.32637819552289443,124,44.585481493726896,24
nihai test,LightGBM_sepet_wtum,yoy3,23,2.2459225537078003,2.7699048488300706,-0.29548422591468776,0.2736278239180357,122,53.54815992845619,23
nihai test,LightGBM_sepet_wtum,yoy4,22,2.383594205161847,2.8908369286313964,-0.4386465866002541,0.2344684387716477,119,58.8618515895235,22
nihai test,LightGBM_sepet_wtum,yoy5,21,2.585780214323169,2.8953075379151807,-0.7025800849365822,0.2173469089279665,117,62.88747281293519,21
nihai test,LightGBM_sepet_wtum,yoy6,20,2.4296090867032416,2.979323248863498,-1.0264844735282312,0.18118063544166066,114,70.29890803415009,20
nihai test,LightGBM_sepet_wtum,yoy7,19,2.0778895364896104,2.8604111307104887,-1.2518469703343271,0.1404570342677353,112,76.75130028621821,19
nihai test,LightGBM_sepet_wtum,yoy8,18,2.245645463721738,3.0456963821509175,-1.3992673032894878,0.13795268211985418,109,76.52707456181658,18
nihai test,LightGBM_sepet_wtum,yoy9,17,2.419928706729796,3.080037112913661,-1.4225515400052735,0.13803255371887907,107,75.37115963587937,17
nihai test,LightGBM_w120,c12,14,5.623555942356481,5.996455444361817,5.623555942356481,0.2724300644938695,104,51.36058441240006,14
nihai test,LightGBM_w120,c6,20,2.7865209654605363,3.320327376504603,2.3547901212936506,0.2530199823512665,114,59.261816223812616,20
nihai test,LightGBM_w120,m1,25,0.9768535800901789,1.2069358737728983,0.3533726752784049,0.4386744533374427,127,35.3618176513052,25
nihai test,LightGBM_w120,m10,16,0.9763588159073286,1.2260874036990912,0.39120446413369714,0.42075222276913826,106,14.253888583550566,16
nihai test,LightGBM_w120,m11,15,0.9297848197363824,1.194438180663841,0.31760358370713215,0.39721937699057863,105,7.9736836462353855,15
nihai test,LightGBM_w120,m12,14,0.9863565762736327,1.2423889281587128,0.35496079020886384,0.41989457317910245,104,6.78795196744526,14
nihai test,LightGBM_w120,m2,24,1.0039297109616716,1.231466944205326,0.35810007707028496,0.4499377647993567,124,34.94897807160508,24
nihai test,LightGBM_w120,m3,23,1.032208018741126,1.2546409292475664,0.39250690389432363,0.45844591970754645,122,33.574745720424694,23
nihai test,LightGBM_w120,m4,22,0.9840721568482942,1.1981120212070269,0.31857402035935517,0.4365372218350464,119,32.553280961710506,22
nihai test,LightGBM_w120,m5,21,0.9461938732026479,1.1607537545259614,0.2516976169968104,0.42198380246097933,117,28.418581067356875,21
nihai test,LightGBM_w120,m6,20,0.9512283095117405,1.1747551910206653,0.22340485287094558,0.4195329761447592,114,26.65199214171501,20
nihai test,LightGBM_w120,m7,19,0.9601228884380429,1.1928023253116555,0.20040509263031558,0.42169614615581036,112,22.375355285915667,19
nihai test,LightGBM_w120,m8,18,0.9420215861464079,1.1872953276580889,0.29151477886366484,0.4104746631627428,109,18.757780739982277,18
nihai test,LightGBM_w120,m9,17,0.9330770464080955,1.1915069562810332,0.3787552903759163,0.40677313146476773,107,16.553686206861894,17
nihai test,LightGBM_w120,yearend,5,3.7227896212875407,4.203601225869571,3.7227896212875407,0.41795998866829265,29,46.28086983182048,5
nihai test,LightGBM_w120,yoy1,25,1.3604820976749332,1.6867347490218831,0.5202588356186638,0.4311240940174114,127,36.28704365304066,25
nihai test,LightGBM_w120,yoy10,16,4.789995498562677,5.638284686073538,4.789995498562677,0.2555023734170452,106,53.67768895842164,16
nihai test,LightGBM_w120,yoy11,15,5.283867593249791,5.813661723132248,5.283867593249791,0.26643222640996095,105,51.084554809697536,15
nihai test,LightGBM_w120,yoy12,14,5.623555942356481,5.996455444361817,5.623555942356481,0.2724300644938695,104,51.36058441240006,14
nihai test,LightGBM_w120,yoy2,24,2.0534641147333494,2.60921604154038,1.0817488581384465,0.3494846883902101,124,40.66826595397943,24
nihai test,LightGBM_w120,yoy3,23,2.6192438688049817,3.252795847949822,1.7082203039419255,0.3189363250977904,122,45.82685092981613,23
nihai test,LightGBM_w120,yoy4,22,2.876096281647453,3.638006699252723,2.222337976537177,0.283576402648871,119,50.3618210595546,22
nihai test,LightGBM_w120,yoy5,21,2.929373687930938,3.8580141020506837,2.5955368451595335,0.2464309960438563,117,57.956031981292774,21
nihai test,LightGBM_w120,yoy6,20,3.356601011930772,4.0620818056602825,2.86626429960214,0.2493555977252174,114,58.96676716693656,20
nihai test,LightGBM_w120,yoy7,19,3.8408093243908588,4.247892072305578,3.2271676203970014,0.25824615725206373,112,57.02667486765958,19
nihai test,LightGBM_w120,yoy8,18,4.352533534503639,4.73761144998185,3.681873611545757,0.266312180224882,109,54.50453031295748,18
nihai test,LightGBM_w120,yoy9,17,4.7008796112391344,5.243401498363803,4.261701992423575,0.26741463618776196,107,52.15676676995364,17
nihai test,LightGBM_wtum,c12,14,13.80890683029946,16.08583583418593,13.46188565344508,0.6691387320361001,104,-19.436378870258597,14
nihai test,LightGBM_wtum,c6,20,4.901538808833299,6.591610564501179,4.419186799699131,0.4456517560399342,114,28.34082669556951,20
nihai test,LightGBM_wtum,m1,25,1.1770474829715325,1.4345828518836152,0.4068504063970415,0.528442248246214,127,22.115031988353284,25
nihai test,LightGBM_wtum,m10,16,1.1228991491795635,1.2682349609625108,0.5497266615555223,0.48443154385261505,106,1.3843742830238703,16
nihai test,LightGBM_wtum,m11,15,1.1076881468433653,1.266427285689764,0.6690483968875705,0.4741741060296718,105,-9.63446343598553,15
nihai test,LightGBM_wtum,m12,14,1.0609611664595628,1.3018088318835817,0.671751769351854,0.4517545211976209,104,-0.26228403354715546,14
nihai test,LightGBM_wtum,m2,24,1.1974350298244574,1.5357201242185303,0.6503338287946231,0.5351599068967737,124,22.410531800753862,24
nihai test,LightGBM_wtum,m3,23,1.302455688450128,1.6644570977886772,0.6971710870711887,0.5778332905037514,122,16.18360958027303,23
nihai test,LightGBM_wtum,m4,22,1.1806639542043826,1.4763590040660566,0.7200734110783242,0.5237575462068657,119,19.079196130396113,22
nihai test,LightGBM_wtum,m5,21,0.9742737902173092,1.2255824779867694,0.45360766950015075,0.4346419364521439,117,26.294280371330448,21
nihai test,LightGBM_wtum,m6,20,0.9954943629609705,1.2406810568697322,0.45014823167177065,0.43935252078300513,114,23.238692932909967,20
nihai test,LightGBM_wtum,m7,19,1.1106612839929717,1.4349447277126937,0.6459910150374322,0.48889149168977397,112,10.204528393339496,19
nihai test,LightGBM_wtum,m8,18,1.1825719266222028,1.4881175522592902,0.7466187020434241,0.5153977844656031,109,-1.9878622382765387,18
nihai test,LightGBM_wtum,m9,17,1.3085031964845126,1.4917806624438585,0.8809745095896225,0.5703204491888528,107,-17.02117070985698,17
nihai test,LightGBM_wtum,yearend,5,6.103802899416311,8.169650617919531,6.103802899416311,0.6877794454786743,29,11.923311325539254,5
nihai test,LightGBM_wtum,yoy1,25,1.654969039357738,2.043385109601167,0.6268455382320534,0.524376902593399,127,22.49587823289181,25
nihai test,LightGBM_wtum,yoy10,16,10.948518506864374,13.505726419148745,10.611287149394055,0.585651196384966,106,-5.879155809568326,16
nihai test,LightGBM_wtum,yoy11,15,12.563143979158337,14.774950301433933,12.256000351306144,0.6343131247227324,105,-16.30340274148243,15
nihai test,LightGBM_wtum,yoy12,14,13.80890683029946,16.08583583418593,13.46188565344508,0.6691387320361001,104,-19.436378870258597,14
nihai test,LightGBM_wtum,yoy2,24,2.71570423491078,3.7014346759727834,1.6497410633246974,0.4608190021142657,124,21.533841152952792,24
nihai test,LightGBM_wtum,yoy3,23,4.181828241797978,5.462626288877463,2.787622253282052,0.508159855033804,122,13.508319165337612,23
nihai test,LightGBM_wtum,yoy4,22,4.726205563577537,6.794943833631036,3.980128862651492,0.4647586574477799,119,18.43102090455423,22
nihai test,LightGBM_wtum,yoy5,21,5.3040413106296835,7.5218742093702895,4.76053797730936,0.4455952935954259,117,23.87350779014923,21
nihai test,LightGBM_wtum,yoy6,20,5.954756384844198,8.180941492066719,5.40729760586777,0.44282069857589246,114,27.205257838216212,20
nihai test,LightGBM_wtum,yoy7,19,7.298949410249516,9.0366322571647,6.6636886887577695,0.49170289543655465,112,18.33488735322667,19
nihai test,LightGBM_wtum,yoy8,18,8.516868721857094,10.42949382693328,7.753835270818374,0.5223322366443995,109,10.976230351328486,18
nihai test,LightGBM_wtum,yoy9,17,9.559704311129426,12.102743725303483,9.400378673797334,0.5452855545478216,107,2.706046359037795,17
nihai test,Ridge_sepet_wtum,c12,14,7.0903579376133195,9.49559488424217,5.411814474600695,0.34363979608363,104,38.673880027607865,14
nihai test,Ridge_sepet_wtum,c6,20,2.5482895713450224,3.31029844462332,0.813754737647621,0.23186986431253148,114,62.744694850972394,20
nihai test,Ridge_sepet_wtum,m1,25,0.9454247623123373,1.181598853030804,0.0952921073426472,0.42507173757477057,127,37.441455476188324,25
nihai test,Ridge_sepet_wtum,m10,16,0.9775376057526544,1.228382919650732,0.2637984473702746,0.42151743764801874,106,14.150364506370039,16
nihai test,Ridge_sepet_wtum,m11,15,0.8972541134020353,1.0711293967933526,0.32880685151132305,0.38345666405810236,105,11.193440528461984,15
nihai test,Ridge_sepet_wtum,m12,14,0.8477963360864086,1.1032913295818862,0.22783149444058148,0.3609599828752466,104,19.882084530060094,14
nihai test,Ridge_sepet_wtum,m2,24,1.0053320592346788,1.2911116024697933,0.09345611919215592,0.4504684659480113,124,34.85811096481207,24
nihai test,Ridge_sepet_wtum,m3,23,0.9885370457252585,1.2549844188462238,0.14356053307067626,0.4388742707455053,122,36.38508572413183,23
nihai test,Ridge_sepet_wtum,m4,22,0.9108910762591204,1.1315094040374705,0.1558046274236799,0.40411359585071127,119,37.56899423747727,22
nihai test,Ridge_sepet_wtum,m5,21,0.8610437586626757,1.0649859970610964,0.02861700523473553,0.38442501981738253,117,34.860353936185085,21
nihai test,Ridge_sepet_wtum,m6,20,0.8516684028996035,1.0817897652050465,-0.012984877336427458,0.3756467414090044,114,34.32893020120725,20
nihai test,Ridge_sepet_wtum,m7,19,0.8204596320491834,1.089641588871033,0.08745284736246235,0.3602365470250308,112,33.666941797757154,19
nihai test,Ridge_sepet_wtum,m8,18,1.349495244822312,1.8336078221349004,0.6587945186632274,0.5870302207878667,109,-16.38373279608274,18
nihai test,Ridge_sepet_wtum,m9,17,1.023803209606937,1.3223502046231939,0.4241442716758549,0.4464459748433256,107,8.439925491514932,17
nihai test,Ridge_sepet_wtum,yearend,5,3.723108648497869,4.508684003398946,2.6056944567800926,0.41871201860924484,29,46.2762663312249,5
nihai test,Ridge_sepet_wtum,yoy1,25,1.310318497961313,1.6408401392060725,0.1688959155601694,0.4157400536311009,127,38.63626327468972,25
nihai test,Ridge_sepet_wtum,yoy10,16,6.353629272303006,8.463438286784227,3.7257166535351525,0.33981442021685176,106,38.556353240245976,16
nihai test,Ridge_sepet_wtum,yoy11,15,6.607639064938297,8.963955446712049,4.85697377032173,0.33387304310493954,105,38.82973015235984,15
nihai test,Ridge_sepet_wtum,yoy12,14,7.0903579376133195,9.49559488424217,5.411814474600695,0.34363979608363,104,38.673880027607865,14
nihai test,Ridge_sepet_wtum,yoy2,24,2.1634038017244337,2.7017877698666353,0.38587426974634703,0.3681725546019896,124,37.49172528650115,24
nihai test,Ridge_sepet_wtum,yoy3,23,2.7790292642772942,3.400966089536481,0.7159009676046707,0.3377359612518577,122,42.52205058218406,23
nihai test,Ridge_sepet_wtum,yoy4,22,2.770708058838484,3.745822312359608,1.0517520451767923,0.2725679725209729,119,52.180702957002964,22
nihai test,Ridge_sepet_wtum,yoy5,21,2.9041304821501845,3.8924964405609956,1.159185904394016,0.24424999957410828,117,58.318336231142595,21
nihai test,Ridge_sepet_wtum,yoy6,20,3.071208845242343,4.068727948866583,1.0810522345740927,0.22856372370662723,114,62.45558313965256,20
nihai test,Ridge_sepet_wtum,yoy7,19,3.5971076316811916,4.468323491811473,1.3988818376151355,0.24234925747890323,112,59.75335854070944,19
nihai test,Ridge_sepet_wtum,yoy8,18,4.840757901555531,6.436089828163451,2.427172682311738,0.2971550803626448,109,49.40129636527971,18
nihai test,Ridge_sepet_wtum,yoy9,17,5.567493713682906,7.641671581016261,3.156557982606754,0.3176467128424797,107,43.33679602989559,17
nihai test,Ridge_w120,c12,14,6.684890711031518,8.138152585696126,6.684890711031518,0.323915898829215,104,42.18085837778671,14
nihai test,Ridge_w120,c6,20,2.438486715082199,3.3917164447439334,2.0969356829788786,0.2218896666571731,114,64.3499829478613,20
nihai test,Ridge_w120,m1,25,0.9922805740707394,1.273836110712262,0.22117632107332164,0.4463029371375118,127,34.34101691890103,25
nihai test,Ridge_w120,m10,16,1.0314324020074952,1.2679120444348007,0.5057298119932868,0.4446014290581304,106,9.417197632529827,16
nihai test,Ridge_w120,m11,15,0.9425945755934096,1.1069601113254808,0.44403122934771455,0.4028269197442602,105,6.705826159330497,15
nihai test,Ridge_w120,m12,14,0.9681174677219628,1.1897619811577576,0.45721347293656966,0.4121407657936834,104,8.511572718078941,14
nihai test,Ridge_w120,m2,24,0.9767602504637468,1.2421464636341657,0.27948789196848456,0.43773563131734905,124,36.70946105296855,24
nihai test,Ridge_w120,m3,23,1.003051110157806,1.2668343097960857,0.358742423492078,0.4455386464669977,122,35.4510681588179,23
nihai test,Ridge_w120,m4,22,0.9798865235311583,1.1959345895699915,0.3709208910544246,0.4351204368193604,119,32.84015752088714,22
nihai test,Ridge_w120,m5,21,0.8793528148186007,1.0819225078449473,0.2549418896164672,0.39248685125413185,117,33.4752379931675,21
nihai test,Ridge_w120,m6,20,0.8773840606224856,1.0770767733686768,0.21072349126550338,0.38722735555487986,114,32.34602846680965,20
nihai test,Ridge_w120,m7,19,0.814912811101559,1.0989346176687007,0.2958020366397397,0.3582587503329731,112,34.115394814070974,19
nihai test,Ridge_w120,m8,18,0.8730140851459586,1.1674021144426947,0.375627543732284,0.38057648999537097,109,24.709154476330042,18
nihai test,Ridge_w120,m9,17,0.9863261620056891,1.2396593890307133,0.48838377228955626,0.42997536255324803,107,11.791547403352542,17
nihai test,Ridge_w120,yearend,5,3.3957400968143134,4.626194308444775,3.0564080553670236,0.38294215903217876,29,51.000130860205495,5
nihai test,Ridge_w120,yoy1,25,1.3798204628691306,1.772195887089854,0.33708932288071736,0.43797249587504344,127,35.38140555640923,25
nihai test,Ridge_w120,yoy10,16,5.377390706749809,7.037150007701578,5.162556974854677,0.28747036865268943,106,47.99720271451145,16
nihai test,Ridge_w120,yoy11,15,6.026844458976701,7.526497358142551,6.006690614986181,0.3042185228185979,105,44.20644071774792,15
nihai test,Ridge_w120,yoy12,14,6.684890711031518,8.138152585696126,6.684890711031518,0.323915898829215,104,42.18085837778671,14
nihai test,Ridge_w120,yoy2,24,2.0773536554490537,2.6798163190377107,0.8138306778815773,0.3533888839529326,124,39.97801387406431,24
nihai test,Ridge_w120,yoy3,23,2.8260894975295408,3.4223998663290955,1.4165764075837541,0.3436531548247463,122,41.548715849357244,23
nihai test,Ridge_w120,yoy4,22,2.8715020580340864,3.8368783502871024,2.0132497379587524,0.2831545389587964,119,50.44111217900282,22
nihai test,Ridge_w120,yoy5,21,2.8589434018892854,3.9882475151569667,2.3607308335039625,0.24086287818820037,117,58.96688583926375,21
nihai test,Ridge_w120,yoy6,20,2.966757268285005,4.217817262234511,2.576584272748655,0.22083707041211037,114,63.732465873655464,20
nihai test,Ridge_w120,yoy7,19,3.7276514422466285,4.6392731674338465,3.0952592508858356,0.2514393456323757,112,58.292754500873926,19
nihai test,Ridge_w120,yoy8,18,4.365470511868796,5.426872172301541,3.6016318182198637,0.26787850340105196,109,54.36930473528123,18
nihai test,Ridge_w120,yoy9,17,4.927512970213367,6.267612685143498,4.37273713471053,0.28106508815405845,107,49.85020426510045,17
nihai test,Ridge_wtum,c12,14,11.074174570754002,13.358721641449003,11.042590493911826,0.5367978694505293,104,4.216943023629971,14
nihai test,Ridge_wtum,c6,20,4.141006674931274,5.576605953129589,3.634557168046706,0.3764997957233144,114,39.45960104632199,20
nihai test,Ridge_wtum,m1,25,1.1216208392162017,1.3258734327870991,0.3671025449595504,0.5039162106721803,127,25.782600576987093,25
nihai test,Ridge_wtum,m10,16,1.1432160001810696,1.3500904803802847,0.5059128832081272,0.4924621270321642,106,-0.39989902021622115,16
nihai test,Ridge_wtum,m11,15,1.068508839384981,1.2432231142923864,0.606333704998288,0.4565400797903279,105,-5.756655080597528,15
nihai test,Ridge_wtum,m12,14,1.2915999948436387,1.5033875299197281,0.7933634382800997,0.5500796096468056,104,-22.05796935327946,14
nihai test,Ridge_wtum,m2,24,1.0545941584467133,1.2377934951616774,0.3765257762514003,0.47244400433559514,124,31.66610473061948,24
nihai test,Ridge_wtum,m3,23,1.25406892516134,1.446409565302592,0.5634164568975124,0.5569644456739221,122,19.29742287843289,23
nihai test,Ridge_wtum,m4,22,1.1313120311887892,1.3322685050114262,0.4780806392641124,0.5019713015995637,119,22.461697365155842,22
nihai test,Ridge_wtum,m5,21,1.1037573041443363,1.2966878893323632,0.6092750795365638,0.49244882924658095,117,16.49859904451194,21
nihai test,Ridge_wtum,m6,20,1.0857362682101723,1.2754678783875304,0.5057571854758276,0.4797399275869617,114,16.280254134171322,20
nihai test,Ridge_wtum,m7,19,0.944872592673541,1.1754890798222732,0.3591180242382617,0.41517367476947464,112,23.60832119555043,19
nihai test,Ridge_wtum,m8,18,1.122147220534818,1.3700782166193874,0.5286789315369025,0.4893296072420063,109,3.223310512822708,18
nihai test,Ridge_wtum,m9,17,1.1895357010339778,1.3301096091403553,0.5500489799664097,0.5185217292688198,107,-6.381750316048307,17
nihai test,Ridge_wtum,yearend,5,4.178370536738198,5.876354580469793,4.018038733540204,0.4712525488360983,29,39.70692583044874,5
nihai test,Ridge_wtum,yoy1,25,1.5602429861676614,1.8506245725465194,0.553220708072119,0.4946474788826725,127,26.93200929417766,25
nihai test,Ridge_wtum,yoy10,16,8.404514331198058,10.616024556796543,8.125566262802861,0.45004095557062024,106,18.722986875461434,16
nihai test,Ridge_wtum,yoy11,15,9.570258414337385,11.64644794498162,9.472065845066993,0.4836499796688976,105,11.403258567342277,15
nihai test,Ridge_wtum,yoy12,14,11.074174570754002,13.358721641449003,11.042590493911826,0.5367978694505293,104,4.216943023629971,14
nihai test,Ridge_wtum,yoy2,24,2.034870485371966,2.741629074668587,1.1684842319546427,0.3454485676812234,124,41.20550070003836,24
nihai test,Ridge_wtum,yoy3,23,3.018224542273556,3.984941098618138,2.0359926108295148,0.3670324710367932,122,37.57483600392199,23
nihai test,Ridge_wtum,yoy4,22,3.5750909061137874,5.011896225265443,2.8075515185333457,0.35193757147003474,119,38.297961977690086,22
nihai test,Ridge_wtum,yoy5,21,4.195521673664807,6.03913030715345,3.728349080433613,0.35220913066621484,117,39.783585892058845,21
nihai test,Ridge_wtum,yoy6,20,5.03436121313719,6.927819688217091,4.4609734181889,0.3743758582247657,114,38.456755780581716,20
nihai test,Ridge_wtum,yoy7,19,5.9132995979354295,7.47734298489871,5.222794097728416,0.39831124919918187,112,33.83838541182491,19
nihai test,Ridge_wtum,yoy8,18,6.8235340250112095,8.488670412200035,6.067346450356898,0.4184971255996674,109,28.676049723117604,18
nihai test,Ridge_wtum,yoy9,17,7.437351913250965,9.540878072304105,7.185509563559805,0.4244591038205529,107,24.30630187829831,17
nihai test,SARIMA_w120,c12,14,3.7087693598179645,4.853165014236853,-1.6550500486830764,0.17967924542614755,104,67.92200947944127,14
nihai test,SARIMA_w120,c6,20,3.075172269134632,3.754543002440293,-0.5810081852093438,0.27966569914636097,114,55.041812139124914,20
nihai test,SARIMA_w120,m1,25,1.0425831073955103,1.3528753939924387,-0.004498773819760684,0.4688661825239571,127,31.012509568446657,25
nihai test,SARIMA_w120,m10,16,0.9329799237763297,1.183573674934646,-0.16156721967610332,0.4020549762341692,106,18.063524198229985,16
nihai test,SARIMA_w120,m11,15,0.9121604886560128,1.1711407504713822,-0.25411971302393066,0.38982679114603064,105,9.718068188871198,15
nihai test,SARIMA_w120,m12,14,0.9446781183418239,1.2182963397278892,-0.2385196058693564,0.4023264894105682,104,10.726623352736276,14
nihai test,SARIMA_w120,m2,24,1.0905515453546617,1.3617267907442443,-0.023244212335301866,0.48847526344382075,124,29.336195834909915,24
nihai test,SARIMA_w120,m3,23,1.0300032217267932,1.3118941717214578,-0.008686105141072294,0.4572756456491509,122,33.71663010773116,23
nihai test,SARIMA_w120,m4,22,0.9323701475921605,1.1911882976564434,-0.09827704741196396,0.41332791050046824,119,36.096853318418354,22
nihai test,SARIMA_w120,m5,21,0.9028957981945719,1.1423487248886597,-0.18290995720722145,0.40242953224678596,117,31.69416520915601,21
nihai test,SARIMA_w120,m6,20,0.954695846546936,1.1805643894456819,-0.24025425984232118,0.4207624882791867,114,26.38461476116064,20
nihai test,SARIMA_w120,m7,19,0.9479960775171881,1.2018458406885388,-0.2831350703747791,0.416115355537241,112,23.355791645242164,19
nihai test,SARIMA_w120,m8,18,0.9438323724882538,1.1761181363261282,-0.21547750342455968,0.4113131048822185,109,18.60161414764431,18
nihai test,SARIMA_w120,m9,17,0.8888247539718367,1.137245309370888,-0.14999107874224604,0.38757831118116914,107,20.511227221204575,17
nihai test,SARIMA_w120,yearend,5,3.558747073464853,4.17263028871575,1.5145125257448442,0.39942460049975015,29,48.64797189131291,5
nihai test,SARIMA_w120,yoy1,25,1.4380480955933013,1.8613100861073586,0.01819483390499613,0.45646429658764526,127,32.65453790538905,25
nihai test,SARIMA_w120,yoy10,16,4.412628455817581,5.578745713581848,-1.431867832362765,0.2357383348711494,106,57.32706890796946,16
nihai test,SARIMA_w120,yoy11,15,4.035341235330576,4.990189186474718,-1.423618230207597,0.20368973635076862,105,62.64279724322594,15
nihai test,SARIMA_w120,yoy12,14,3.7087693598179645,4.853165014236853,-1.6550500486830764,0.17967924542614755,104,67.92200947944127,14
nihai test,SARIMA_w120,yoy2,24,2.230237057196016,3.065945767653959,0.04727444898274472,0.3801544796159373,124,35.56067963996713,24
nihai test,SARIMA_w120,yoy3,23,3.1938826716528097,3.935761741411636,0.12236588291029572,0.38936765502911574,122,33.941743972444385,23
nihai test,SARIMA_w120,yoy4,22,3.525625088426139,4.318324835536482,0.11459789744414502,0.3469969587094614,119,39.151686216855154,22
nihai test,SARIMA_w120,yoy5,21,3.4755538484918898,4.3731133460480205,-0.0386961967347801,0.29252761251728704,117,50.11695658518086,21
nihai test,SARIMA_w120,yoy6,20,3.6477074285828346,4.485434704685777,-0.5799425801653875,0.27135173636200155,114,55.408096556034295,20
nihai test,SARIMA_w120,yoy7,19,3.499617614268752,4.403745216549878,-0.8235449833167967,0.2357003863744141,112,60.844136515241345,19
nihai test,SARIMA_w120,yoy8,18,3.8760597171329607,4.8804412893789575,-1.0703378324173882,0.23773773600625767,109,59.4849399853965,18
nihai test,SARIMA_w120,yoy9,17,3.8556314977750117,5.1528010573374265,-1.11687632757565,0.2197289362885272,107,60.75928501633372,17
nihai test,SARIMA_w60,c12,14,19.225758836467055,19.873156171896827,19.225758836467055,0.9315042705574749,104,-66.28796505615244,14
nihai test,SARIMA_w60,c6,20,7.4790482554469,8.205117984519928,7.4790482554469,0.6796086255541588,114,-9.34166513655268,20
nihai test,SARIMA_w60,m1,25,1.1654400198255201,1.454139167736018,0.6817283152429633,0.5249592961599024,127,22.883095221912242,25
nihai test,SARIMA_w60,m10,16,1.5083848078078574,1.6916700057886946,1.2299494921239673,0.6511075048763743,106,-32.46987652687756,16
nihai test,SARIMA_w60,m11,15,1.4069029428794153,1.5997103132151766,1.1336035163294567,0.602091745230491,105,-39.24952586037287,15
nihai test,SARIMA_w60,m12,14,1.4535205957609156,1.6520169725208802,1.15030994518364,0.619132744622088,104,-37.35968801488272,14
nihai test,SARIMA_w60,m2,24,1.3584329260400503,1.6455591789719444,1.010122445518481,0.6105161067988453,124,11.978449192984685,24
nihai test,SARIMA_w60,m3,23,1.548021721521738,1.7408264971598433,1.2026733024365832,0.6896226651168427,122,0.3808005601473763,23
nihai test,SARIMA_w60,m4,22,1.5020054503952567,1.6791521277172907,1.2028301553228617,0.6683818226467582,119,-2.945031928594344,22
nihai test,SARIMA_w60,m5,21,1.4325588993316336,1.6218522288189898,1.1654869592012562,0.6414105074596284,117,-8.375885347528179,21
nihai test,SARIMA_w60,m6,20,1.398816296517328,1.6241587490969212,1.1374950427457122,0.6195619182176652,114,-7.86094955680432,20
nihai test,SARIMA_w60,m7,19,1.3932231532291202,1.6246698724299613,1.1053299154463925,0.6140293157410727,112,-12.640218850303553,19
nihai test,SARIMA_w60,m8,18,1.446214211447551,1.6656449609322461,1.1782841687652927,0.6315762745690088,109,-24.725010330193054,18
nihai test,SARIMA_w60,m9,17,1.5019896441467582,1.6866726125149372,1.2430123476378179,0.6559788120915564,107,-34.32491951441363,17
nihai test,SARIMA_w60,yearend,5,6.666550087162693,7.194019656359029,6.666550087162693,0.7468098276774227,29,3.802978858331618,5
nihai test,SARIMA_w60,yoy1,25,1.615707434177669,2.02382983833063,0.9655199189166984,0.5136934274450765,127,24.33454479177144,25
nihai test,SARIMA_w60,yoy10,16,15.6583792022418,16.648589784000634,15.6583792022418,0.8360556531685877,106,-51.426512202542796,16
nihai test,SARIMA_w60,yoy11,15,17.52837226940093,18.295980853057728,17.52837226940093,0.8844501986552498,105,-62.26904211499329,15
nihai test,SARIMA_w60,yoy12,14,19.225758836467055,19.873156171896827,19.225758836467055,0.9315042705574749,104,-66.28796505615244,14
nihai test,SARIMA_w60,yoy2,24,2.9091352865353524,3.7597128541339373,2.4124984861742873,0.49695804683609834,124,15.944944016212958,24
nihai test,SARIMA_w60,yoy3,23,4.680648358694295,5.533523447431384,4.142113143916722,0.5722610537124251,122,3.1913506410742754,23
nihai test,SARIMA_w60,yoy4,22,5.969890549168667,7.1466821269963,5.88941292856562,0.5901316867634737,119,-3.0335796563685458,22
nihai test,SARIMA_w60,yoy5,21,7.544830067256612,8.602525945540911,7.544830067256612,0.6351933256697465,117,-8.287513935571411,21
nihai test,SARIMA_w60,yoy6,20,8.931075403357465,9.886168050629117,8.931075403357465,0.6639369264387791,114,-9.179165224887043,20
nihai test,SARIMA_w60,yoy7,19,10.54932347607268,11.381923430825019,10.54932347607268,0.709583123458423,112,-18.032286785129937,19
nihai test,SARIMA_w60,yoy8,18,12.205859735048607,13.133897751600854,12.205859735048607,0.7470717378184685,109,-27.58346769257558,18
nihai test,SARIMA_w60,yoy9,17,14.028913470025248,14.994645657055752,14.028913470025248,0.7984401960673292,107,-42.7793593151887,17
nihai test,SARIMA_wtum,c12,14,6.635838467301468,8.80276045946512,5.068977422852092,0.3215545588023166,104,42.605122400897045,14
nihai test,SARIMA_wtum,c6,20,3.616364076959897,4.992055164614197,1.5613426488431792,0.3293417584842634,114,47.12973410395789,20
nihai test,SARIMA_wtum,m1,25,1.089715890853482,1.3474364205196567,0.22641548432143693,0.48895716792782834,127,27.893743855905907,25
nihai test,SARIMA_wtum,m10,16,0.9670224041487003,1.2273678731999829,0.22681052662719184,0.41680162503564494,106,15.073834068593616,16
nihai test,SARIMA_wtum,m11,15,0.810402531744438,1.0631708863504379,0.15693921749183876,0.34614996012565963,105,19.789656512836718,15
nihai test,SARIMA_wtum,m12,14,0.8706308084410473,1.1565155894519048,0.18353916240590146,0.3706371247591949,104,17.724195603157288,14
nihai test,SARIMA_wtum,m2,24,1.0876830424643582,1.3994995391343672,0.22424159105745478,0.4869848543649655,124,29.522064469318643,24
nihai test,SARIMA_wtum,m3,23,1.102111516065664,1.4328804380789812,0.2542297410975563,0.4890491861356602,122,29.076274965976324,23
nihai test,SARIMA_wtum,m4,22,1.0205428469144933,1.283587164807141,0.17767500465470001,0.4523353289765748,119,30.053638665249636,22
nihai test,SARIMA_wtum,m5,21,0.9770733971711534,1.1774010185245667,0.10468453579505214,0.4356359765191235,117,26.082484624300772,21
nihai test,SARIMA_wtum,m6,20,0.9661014401222605,1.1763449757685454,0.06323355775135901,0.42609029506207674,114,25.5051439140191,20
nihai test,SARIMA_wtum,m7,19,0.8951638390578599,1.1412853990003642,0.041050543253636246,0.39323122239638786,112,27.627207095536132,19
nihai test,SARIMA_wtum,m8,18,0.9454797567837967,1.2019985907334034,0.13033310206952947,0.4123534988634445,109,18.459539742861818,18
nihai test,SARIMA_wtum,m9,17,0.9746566018268851,1.2192403376199994,0.2184303354311037,0.425015326366149,107,12.83517159736417,17
nihai test,SARIMA_wtum,yearend,5,5.125699776408728,6.885335311456522,4.637233062890007,0.5776745223273191,29,26.03714915357507,5
nihai test,SARIMA_wtum,yoy1,25,1.5281611126525438,1.90934075575374,0.37469060119752273,0.48389264371623253,127,28.43444068249994,25
nihai test,SARIMA_wtum,yoy10,16,6.297118935601605,8.416280696913192,4.027306900583512,0.33686257792852536,106,39.10284423267636,16
nihai test,SARIMA_wtum,yoy11,15,6.253603166141985,8.467932814755473,4.735751860525543,0.31581412546869825,105,42.107220228964756,15
nihai test,SARIMA_wtum,yoy12,14,6.635838467301468,8.80276045946512,5.068977422852092,0.3215545588023166,104,42.605122400897045,14
nihai test,SARIMA_wtum,yoy2,24,2.5408312482893076,3.225830230072388,0.7947283756911491,0.431721556300285,124,26.586531121876746,24
nihai test,SARIMA_wtum,yoy3,23,3.3795828275865905,4.42060835967469,1.2909477924073418,0.4110601435259018,122,30.10095528164297,23
nihai test,SARIMA_wtum,yoy4,22,3.5971761216668967,5.2393280988097874,1.6936207683878222,0.35387134577787527,119,37.91679605895541,22
nihai test,SARIMA_wtum,yoy5,21,3.78046629469659,5.784596557242165,1.9454523188593185,0.31807941118565997,117,45.740686944488154,21
nihai test,SARIMA_wtum,yoy6,20,4.38821599096313,6.23545313344396,2.0401497017894075,0.3268471798500851,114,46.355647323305995,20
nihai test,SARIMA_wtum,yoy7,19,4.759097291232028,6.381982142742831,2.360112233958914,0.3211139038158518,112,46.75230714167517,19
nihai test,SARIMA_wtum,yoy8,18,5.296392424020736,6.992366095628944,2.8016760715971714,0.3252620215821525,109,44.63871235740031,18
nihai test,SARIMA_wtum,yoy9,17,5.812948225274589,7.742974562020751,3.453205781098563,0.3318312163821366,107,40.83868112021541,17
nihai test,UCM_llt_seasonal_w120,c12,14,11.666135517004133,13.53685171671361,3.3944065823896303,0.5651830667034455,104,-0.9030619645703952,14
nihai test,UCM_llt_seasonal_w120,c6,20,4.353837190878214,5.196960737110656,0.983709514791169,0.39503889880492693,114,36.34807639630226,20
nihai test,UCM_llt_seasonal_w120,m1,25,1.1845915468617008,1.430629021064855,0.06098921427327575,0.532432608411423,127,21.615842972392596,25
nihai test,UCM_llt_seasonal_w120,m10,16,1.0803226765556244,1.4082488302598863,0.3415066139691426,0.4663558427570816,106,5.1235395426103665,16
nihai test,UCM_llt_seasonal_w120,m11,15,0.6703857736702907,0.908524347574897,0.22558539228423022,0.28708444972400216,105,33.647945226362175,15
nihai test,UCM_llt_seasonal_w120,m12,14,0.9474418814972455,1.1583397838803335,0.22561926396176454,0.40347396690883786,104,10.465443947447561,14
nihai test,UCM_llt_seasonal_w120,m2,24,1.1264955574782174,1.4757731663297309,0.09934679165641318,0.5047378080950248,124,27.007153576957275,24
nihai test,UCM_llt_seasonal_w120,m3,23,1.1677274173299177,1.4535421686275092,0.1986724010915332,0.5187179990382976,122,24.853722101508925,23
nihai test,UCM_llt_seasonal_w120,m4,22,0.9351659120808183,1.2197404354447592,0.20163716079514948,0.41533401002349546,119,35.90523612789887,22
nihai test,UCM_llt_seasonal_w120,m5,21,0.7934787351779972,0.9979062288295129,0.11194886907432598,0.35459699308962334,117,39.97178023921171,21
nihai test,UCM_llt_seasonal_w120,m6,20,0.9149936965451392,1.110834947422961,0.11380174974815786,0.40478455656349227,114,29.445997166628946,20
nihai test,UCM_llt_seasonal_w120,m7,19,0.9753071730628102,1.2227597583014123,0.15087493748114494,0.4281565386294297,112,21.147726288181225,19
nihai test,UCM_llt_seasonal_w120,m8,18,1.0954209962826627,1.4690598155991088,0.21433988827571568,0.4779192799761521,109,5.52824471243939,18
nihai test,UCM_llt_seasonal_w120,m9,17,1.0128534223793706,1.4769765801686234,0.2982629820901439,0.44223126204685786,107,9.419179438953652,17
nihai test,UCM_llt_seasonal_w120,yearend,5,5.746857172684047,6.304048494345664,1.0902665421908104,0.6431558444730785,29,17.073968737835965,5
nihai test,UCM_llt_seasonal_w120,yoy1,25,1.6486539224984056,1.9874314819744756,0.10989892445345163,0.5228685017586685,127,22.79162248816149,25
nihai test,UCM_llt_seasonal_w120,yoy10,16,10.058737780516704,11.792574747797056,2.9394691250081193,0.5374812376339906,106,2.725591225589863,16
nihai test,UCM_llt_seasonal_w120,yoy11,15,10.97394049345049,12.607836775420923,3.561428564700882,0.5538003385845071,105,-1.5913391574726266,15
nihai test,UCM_llt_seasonal_w120,yoy12,14,11.666135517004133,13.53685171671361,3.3944065823896303,0.5651830667034455,104,-0.9030619645703952,14
nihai test,UCM_llt_seasonal_w120,yoy2,24,2.696608716969004,3.37641418453621,0.34989265739421516,0.4592883068392255,124,22.08557720904627,24
nihai test,UCM_llt_seasonal_w120,yoy3,23,3.985140192265189,4.585776403014003,0.7738050960438947,0.4848429210904087,122,17.57636764091728,23
nihai test,UCM_llt_seasonal_w120,yoy4,22,4.376779221467658,5.2744323319768185,1.2420484612711538,0.43035171738197453,119,24.461725581179362,22
nihai test,UCM_llt_seasonal_w120,yoy5,21,4.80548655969613,5.678591513089957,1.3290187743877009,0.40337245263316956,117,31.02903734589878,21
nihai test,UCM_llt_seasonal_w120,yoy6,20,5.185848952853218,6.237401935919087,1.2650053363774583,0.38485747086657957,114,36.6048729762127,20
nihai test,UCM_llt_seasonal_w120,yoy7,19,6.174365875798954,7.144467596667001,1.6764386170614445,0.4151989822891514,112,30.917416133690168,19
nihai test,UCM_llt_seasonal_w120,yoy8,18,7.429499411188696,8.729145818981092,1.8482965025374662,0.45483608106241946,109,22.342111192905033,18
nihai test,UCM_llt_seasonal_w120,yoy9,17,8.81978542366605,10.372377860024727,2.347166575693368,0.5024280060844456,107,10.236575713499485,17
nihai test,UCM_llt_seasonal_wtum,c12,14,8.906778683022702,12.998355231135905,8.25857796513322,0.43169937228242017,104,22.96324347957288,14
nihai test,UCM_llt_seasonal_wtum,c6,20,3.865848590891493,5.836226489803312,2.48685906357412,0.3522947224383983,114,43.4823379049566,20
nihai test,UCM_llt_seasonal_wtum,m1,25,1.0162891482491179,1.3178429476497215,0.34570854156354663,0.45528867450939126,127,32.75237494910764,25
nihai test,UCM_llt_seasonal_wtum,m10,16,0.9482953415863684,1.2491617060272981,0.45883257480328354,0.40845522910018495,106,16.718488438288936,16
nihai test,UCM_llt_seasonal_wtum,m11,15,0.787279070032559,1.0051587957322996,0.38474352711425913,0.3364801440018403,105,22.078322618715784,15
nihai test,UCM_llt_seasonal_wtum,m12,14,0.8812229686023593,1.1337713477503086,0.43481506625446703,0.37524205796937693,104,16.7232219537954,14
nihai test,UCM_llt_seasonal_wtum,m2,24,0.9910394344842284,1.3124984942963531,0.33081355076305413,0.443388099378106,124,35.78422146428644,24
nihai test,UCM_llt_seasonal_wtum,m3,23,1.0676586116247961,1.3958203482467286,0.375908298096441,0.4732786810334619,122,31.293408428033366,23
nihai test,UCM_llt_seasonal_wtum,m4,22,0.9843764989391685,1.312058805589459,0.337468701871722,0.43605539905811147,119,32.53242184548425,22
nihai test,UCM_llt_seasonal_wtum,m5,21,0.8479138648160881,1.1136600466305933,0.2460732830242065,0.3775574072354703,117,35.85365611092072,21
nihai test,UCM_llt_seasonal_wtum,m6,20,0.8148949456563175,1.1215911677192194,0.2349989172724344,0.35928660991971584,114,37.1644848245146,20
nihai test,UCM_llt_seasonal_wtum,m7,19,0.7373708942224846,1.0461846059006,0.23471799352217357,0.32372443546469737,112,40.38455454421695,19
nihai test,UCM_llt_seasonal_wtum,m8,18,0.8212720640588902,1.1299462305265136,0.3033788427555508,0.35800869664836615,109,29.171511479536484,18
nihai test,UCM_llt_seasonal_wtum,m9,17,0.8927385131201064,1.17636048776256,0.38985842561858136,0.388725513558402,107,20.16121456656421,17
nihai test,UCM_llt_seasonal_wtum,yearend,5,5.444397391707488,7.92916529747481,5.116181048135641,0.6146227399732276,29,21.438404550166247,5
nihai test,UCM_llt_seasonal_wtum,yoy1,25,1.4406595209925868,1.9022786664943794,0.5448176553034435,0.45545156907236767,127,32.53224182170491,25
nihai test,UCM_llt_seasonal_wtum,yoy10,16,7.211656221290681,10.905526468965238,6.336144397181017,0.3862061150457343,106,30.258685481478764,16
nihai test,UCM_llt_seasonal_wtum,yoy11,15,8.125159791468473,11.775077793342762,7.377004322513103,0.4105716594575683,105,24.781270266921986,15
nihai test,UCM_llt_seasonal_wtum,yoy12,14,8.906778683022702,12.998355231135905,8.25857796513322,0.43169937228242017,104,22.96324347957288,14
nihai test,UCM_llt_seasonal_wtum,yoy2,24,2.263291856031987,3.1374371070581852,1.0966783927811254,0.38388691907950195,124,34.60561131449255,24
nihai test,UCM_llt_seasonal_wtum,yoy3,23,3.0719323444752398,4.517075748130392,1.71521922412162,0.37336669063842665,122,36.46401130769726,23
nihai test,UCM_llt_seasonal_wtum,yoy4,22,3.4823844864075912,5.675839993564529,2.314987698430724,0.34275286038090874,119,39.8979702526802,22
nihai test,UCM_llt_seasonal_wtum,yoy5,21,3.969310365266505,6.514544977363535,2.7383935272054636,0.3338320981364176,117,43.030293901676345,21
nihai test,UCM_llt_seasonal_wtum,yoy6,20,4.725583393612723,7.332951885117313,3.1533186378260027,0.35218750612845573,114,42.231452897456215,20
nihai test,UCM_llt_seasonal_wtum,yoy7,19,5.075253058158146,7.818703336128832,3.8138543650395147,0.3425163918463588,112,43.2149629474967,19
nihai test,UCM_llt_seasonal_wtum,yoy8,18,5.798570879122001,8.648177866900289,4.476364495752081,0.35623836359004785,109,39.38962133939145,18
nihai test,UCM_llt_seasonal_wtum,yoy9,17,6.4569426878837195,9.66950390536511,5.366890697543783,0.3689135954568835,107,34.28442323201024,17
nihai test,naive_mevsimsel_12,c12,14,11.561725967345179,15.401223561019355,10.459192121366224,0.5606170033278749,104,0.0,14
nihai test,naive_mevsimsel_12,c6,20,6.840071665367999,9.326288695802363,5.556504353082104,0.6238157341632691,114,0.0,20
nihai test,naive_mevsimsel_12,m1,25,1.511264,1.92542520270199,0.824776,0.6778177956185344,127,0.0,25
nihai test,naive_mevsimsel_12,m10,16,1.1386625000000001,1.5428027770100752,0.22833750000000003,0.4916621301671429,106,0.0,16
nihai test,naive_mevsimsel_12,m11,15,1.0103466666666667,1.3832191193010601,0.03933333333333338,0.43245718804950417,105,0.0,15
nihai test,naive_mevsimsel_12,m12,14,1.0581857142857145,1.4288711483445344,0.01781428571428575,0.45091684945072213,104,0.0,14
nihai test,naive_mevsimsel_12,m2,24,1.5432958333333333,1.95927547227285,0.8282041666666666,0.6906849406974892,124,0.0,24
nihai test,naive_mevsimsel_12,m3,23,1.553939130434783,1.9830164416429046,0.9206695652173913,0.6896063570292614,122,0.0,23
nihai test,naive_mevsimsel_12,m4,22,1.459036363636364,1.8730315672241573,0.7969818181818181,0.6475021241964124,119,0.0,22
nihai test,naive_mevsimsel_12,m5,21,1.321842857142857,1.666832918327163,0.6282619047619048,0.5894987235341406,117,0.0,21
nihai test,naive_mevsimsel_12,m6,20,1.29687,1.6587320133161958,0.56861,0.5720855916067734,114,0.0,20
nihai test,naive_mevsimsel_12,m7,19,1.236878947368421,1.607389694177292,0.4702894736842106,0.5445323587027695,112,0.0,19
nihai test,naive_mevsimsel_12,m8,18,1.1595222222222223,1.5307426022831025,0.35034444444444446,0.5058809993471387,109,0.0,18
nihai test,naive_mevsimsel_12,m9,17,1.1181764705882353,1.5089649491114958,0.2614,0.4880430508644019,107,0.0,17
nihai test,naive_mevsimsel_12,yearend,5,6.930100337873178,8.044435333551704,2.5965318793053753,0.7787059950133904,29,0.0,5
nihai test,naive_mevsimsel_12,yoy1,25,2.1353303561464094,2.7601417592802053,1.1895717359269327,0.6756130723575727,127,0.0,25
nihai test,naive_mevsimsel_12,yoy10,16,10.340579713873156,14.946814480509607,9.250923295096714,0.5547747368102959,106,0.0,16
nihai test,naive_mevsimsel_12,yoy11,15,10.802043347849002,15.126445641836268,9.828322224797263,0.5465656650383185,105,0.0,15
nihai test,naive_mevsimsel_12,yoy12,14,11.561725967345179,15.401223561019355,10.459192121366224,0.5606170033278749,104,0.0,14
nihai test,naive_mevsimsel_12,yoy2,24,3.460987863831155,4.57819566370982,2.317277288689143,0.5871929047183236,124,0.0,24
nihai test,naive_mevsimsel_12,yoy3,23,4.834948519259288,6.38243882409715,3.616150693933295,0.5871403556380966,122,0.0,23
nihai test,naive_mevsimsel_12,yoy4,22,5.794121265202171,8.130772282551515,4.754114691260673,0.5689376361564574,119,0.0,22
nihai test,naive_mevsimsel_12,yoy5,21,6.967405375790244,9.755301621096459,5.7431753528683425,0.5855669040444184,117,0.0,21
nihai test,naive_mevsimsel_12,yoy6,20,8.180201217843397,11.24463635453613,6.65337837297469,0.6099836435529705,114,0.0,20
nihai test,naive_mevsimsel_12,yoy7,19,8.937659146837538,12.51525527145311,7.514106582066052,0.604635924165928,112,0.0,19
nihai test,naive_mevsimsel_12,yoy8,18,9.566960324718387,13.55231873810436,8.112668925771146,0.5890804551563616,109,0.0,18
nihai test,naive_mevsimsel_12,yoy9,17,9.825589312987532,14.315929772242749,8.681602955336288,0.5624921112661367,107,0.0,17
nihai test,naive_son_ay,c12,14,17.414092670758734,21.618358944078537,3.16015315938951,0.8433797292115887,104,-50.61845195036554,14
nihai test,naive_son_ay,c6,20,7.671039456805303,9.208267472552327,-0.5078760675876055,0.6967427831115918,114,-12.148524636731239,20
nihai test,naive_son_ay,m1,25,1.2164480000000002,1.605201508097971,-0.002239999999999984,0.547106571853436,127,19.507908611599277,25
nihai test,naive_son_ay,m10,16,1.6342374999999998,2.0054016642558166,-0.152,0.7063369935733997,106,-43.52255387351385,16
nihai test,naive_son_ay,m11,15,1.1417066666666669,1.388391650315813,-0.12187999999999999,0.4895571146245076,105,-13.001478040540547,15
nihai test,naive_son_ay,m12,14,1.0581857142857145,1.4288711483445344,0.01781428571428575,0.45091684945072213,104,0.0,14
nihai test,naive_son_ay,m2,24,1.5276875,1.833582014232433,-0.023962499999999998,0.6842767569829736,124,1.011363667043741,24
nihai test,naive_son_ay,m3,23,1.673278260869565,1.918484675806494,-0.011147826086956492,0.7435691825055758,122,-7.679781536963537,23
nihai test,naive_son_ay,m4,22,1.3946363636363635,1.7243264967147978,-0.08001818181818181,0.6196304934865666,119,4.413872169676159,22
nihai test,naive_son_ay,m5,21,1.2723761904761905,1.5736221693611088,-0.12977619047619046,0.5692581415408895,117,3.7422501774218464,21
nihai test,naive_son_ay,m6,20,1.47426,1.7131138978480092,-0.26672,0.6518553095068608,114,-13.678317795924034,20
nihai test,naive_son_ay,m7,19,1.310242105263158,1.6043989564877397,-0.28202105263157895,0.5758253033938159,112,-5.931312684303047,19
nihai test,naive_son_ay,m8,18,1.590077777777778,1.8759291099494022,-0.21319999999999997,0.6944424282411698,109,-37.132152131625084,18
nihai test,naive_son_ay,m9,17,1.444941176470588,1.8233675151472117,-0.10322352941176464,0.6318617503084021,107,-29.222999631753343,17
nihai test,naive_son_ay,yearend,5,6.655473654268244,7.348250208409159,1.0521065288476195,0.7439169384462077,29,3.9628096306786764,5
nihai test,naive_son_ay,yoy1,25,1.6807273696481269,2.2070227548182184,0.019776359606951247,0.5335391695132621,127,21.289585716314917,25
nihai test,naive_son_ay,yoy10,16,16.356022758356467,19.66068758642168,-0.14780302885471852,0.8726819921500644,106,-58.17317027606157,16
nihai test,naive_son_ay,yoy11,15,16.504008598301002,20.507360094757193,1.5211892648774061,0.8321730172511985,105,-52.785987491777895,15
nihai test,naive_son_ay,yoy12,14,17.414092670758734,21.618358944078537,3.16015315938951,0.8433797292115887,104,-50.61845195036554,14
nihai test,naive_son_ay,yoy2,24,3.358200862258876,4.23862611655479,0.06004847742283322,0.5728134294651487,124,2.969874660539795,24
nihai test,naive_son_ay,yoy3,23,5.365226156577393,6.325701828016314,0.17038815999663526,0.6550067307721931,122,-10.967596349905762,23
nihai test,naive_son_ay,yoy4,22,6.929445070497985,8.08959759563425,0.32308692834423364,0.6828890976440255,119,-19.594408769354587,22
nihai test,naive_son_ay,yoy5,21,8.031781302584367,9.6136808608734,0.46484511731983397,0.675804240272013,117,-15.276503510080342,21
nihai test,naive_son_ay,yoy6,20,9.088578592677255,10.982205107344292,-0.4196154169084977,0.6752781804939341,114,-11.104584724058174,20
nihai test,naive_son_ay,yoy7,19,10.457827830407917,12.501247470634135,-0.37327990383574267,0.7032211297132785,112,-17.00857751001019,19
nihai test,naive_son_ay,yoy8,18,12.575226323717697,14.850605335994548,-0.4229662431146216,0.769974687435127,109,-31.44432397432213,18
nihai test,naive_son_ay,yoy9,17,14.107464362350996,17.101281337831058,0.2167123590591994,0.8029250632167395,107,-43.57881153961576,17
nihai test,ortalama_12ay,c12,14,11.561725967345183,15.401223561019357,10.459192121366227,0.5606170033278749,104,-2.220446049250313e-14,14
nihai test,ortalama_12ay,c6,20,3.9970481962159967,6.334204587295277,3.1516830457924314,0.3647638861942487,114,41.56423511681213,20
nihai test,ortalama_12ay,m1,25,1.1914480935687468,1.479904908858918,0.38869404829433823,0.5339678060833718,127,21.162146814272898,25
nihai test,ortalama_12ay,m10,16,1.0902368774159534,1.4192382248407818,0.4888112898666632,0.46968586410060087,106,4.2528512692783575,16
nihai test,ortalama_12ay,m11,15,1.0000717303863091,1.313554877221959,0.44125420873300897,0.42734882049656747,105,1.0169713643195966,15
nihai test,ortalama_12ay,m12,14,1.1262538451198132,1.469461834756556,0.5122421968925038,0.4796117059264193,104,-6.432531635531036,14
nihai test,ortalama_12ay,m2,24,1.1637149051996862,1.4850253752013753,0.3975494458331503,0.5207967251592703,124,24.59547417514878,24
nihai test,ortalama_12ay,m3,23,1.175200896997804,1.518438417968859,0.4362408338653574,0.5217890680973706,122,24.3727843658207,23
nihai test,ortalama_12ay,m4,22,1.0766697291383756,1.3780880498636967,0.3667074767410471,0.47749158342259324,119,26.206792649431577,22
nihai test,ortalama_12ay,m5,21,0.9468158335236225,1.2573041975445427,0.3091152178563162,0.42203449970247675,117,28.371528551423253,21
nihai test,ortalama_12ay,m6,20,0.9337557852643034,1.2319579920449615,0.2888612715022041,0.41155861564098883,114,27.999276314179266,20
nihai test,ortalama_12ay,m7,19,0.859496712163888,1.1919415278207064,0.2763113939115602,0.37727652412624724,112,30.51084635302832,19
nihai test,ortalama_12ay,m8,18,1.0025309787380374,1.315770959898096,0.3706470237913607,0.4366142710823839,109,13.539304419997356,18
nihai test,ortalama_12ay,m9,17,1.101510595553935,1.3931549483013712,0.46603295826734387,0.4798356044130311,107,1.4904512366937017,17
nihai test,ortalama_12ay,yearend,5,5.824126452043143,8.101078907389677,4.741690248291533,0.6570643298604837,29,15.958988065235635,5
nihai test,ortalama_12ay,yoy1,25,1.6925616623841648,2.1496172558244013,0.624611202126224,0.5352682639752606,127,20.735372046192467,25
nihai test,ortalama_12ay,yoy10,16,8.871781696822467,12.365625787466234,7.544937041592596,0.4757098120220429,106,14.204213474415916,16
nihai test,ortalama_12ay,yoy11,15,9.968714207302702,13.61114963224895,8.94121318764078,0.5043148994600215,105,7.714550976248768,15
nihai test,ortalama_12ay,yoy12,14,11.561725967345183,15.401223561019357,10.459192121366227,0.5606170033278749,104,-2.220446049250313e-14,14
nihai test,ortalama_12ay,yoy2,24,2.7082566073383467,3.713050444787493,1.3149525009080516,0.45976509966018647,124,21.749029066503834,24
nihai test,ortalama_12ay,yoy3,23,3.3995603433498935,5.16701628280348,2.0903437245024765,0.4132421128644737,122,29.6877654475894,23
nihai test,ortalama_12ay,yoy4,22,3.7298305233194737,6.290881019165399,2.7751257164600553,0.3666777433122521,119,35.6273306580626,22
nihai test,ortalama_12ay,yoy5,21,4.261057658004096,7.145448415320886,3.3766358332639173,0.3583180000754992,117,38.84297772008413,21
nihai test,ortalama_12ay,yoy6,20,4.884470347690366,7.912007395926595,3.909440868072579,0.3644973817799687,114,40.28911737481572,20
nihai test,ortalama_12ay,yoy7,19,5.276972818771937,8.492562530527946,4.600294058202645,0.3568456860887648,112,40.95799882188259,19
nihai test,ortalama_12ay,yoy8,18,6.1642285108542785,9.582247224973624,5.391434551643114,0.37927917900848823,109,35.567533452317015,18
nihai test,ortalama_12ay,yoy9,17,7.386413171378814,10.951847536931314,6.437571700644992,0.42249710215488356,107,24.824731259473644,17
nihai test,ortalama_3ay,c12,14,11.27992937493983,13.878165315177066,1.29469095791287,0.5465709253175517,104,2.4373228806949143,14
nihai test,ortalama_3ay,c6,20,5.549406452981524,6.642751800547631,-0.19250300829151873,0.5053228315045042,114,18.869176750314598,20
nihai test,ortalama_3ay,m1,25,1.195925225366723,1.4770298299457605,0.0266386840411983,0.536975829703435,127,20.865896007135554,25
nihai test,ortalama_3ay,m10,16,1.0358037972410215,1.336836063825031,0.025896285526458077,0.4466417808434839,106,9.033291494097561,16
nihai test,ortalama_3ay,m11,15,0.7894641728823368,1.0457821465782609,-0.03855481211509106,0.3374199603546858,105,21.862050034080372,15
nihai test,ortalama_3ay,m12,14,1.0466111072293993,1.209309926976204,-0.047809827043160294,0.4457093579967019,104,1.093816227157074,14
nihai test,ortalama_3ay,m2,24,1.1420017909462574,1.5330504378206244,0.018667754564375433,0.5108796865648112,124,26.002405612689895,24
nihai test,ortalama_3ay,m3,23,1.1632670419328548,1.5174179536732766,0.05436239616774254,0.5154862964343824,122,25.140758788448835,23
nihai test,ortalama_3ay,m4,22,1.0982342779326535,1.4008266316560425,-0.043284332280649644,0.4867783116146716,119,24.728793242992353,22
nihai test,ortalama_3ay,m5,21,1.0987272647434874,1.3093901271091068,-0.1334375885004563,0.4895931228174679,117,16.879131372819202,21
nihai test,ortalama_3ay,m6,20,1.1712009457399741,1.4152667333858893,-0.1984517705978262,0.5165981291728035,114,9.690181302676892,20
nihai test,ortalama_3ay,m7,19,1.0874500909528184,1.3969261857333282,-0.21668588322980398,0.47786596211159826,112,12.08112214485717,19
nihai test,ortalama_3ay,m8,18,1.205895093993852,1.5398061394706597,-0.1412653284317494,0.5270339029019664,109,-3.9993085844233445,18
nihai test,ortalama_3ay,m9,17,1.1465201962720755,1.4284084651343605,-0.03161710539020828,0.5009948218327702,107,-2.5348168584632624,17
nihai test,ortalama_3ay,yearend,5,4.430244815198158,6.050801467940987,3.975730658633934,0.4991759460000056,29,36.07242898076446,5
nihai test,ortalama_3ay,yoy1,25,1.653693877052368,2.03841444769583,0.0756257972185901,0.523964847785764,127,22.55559556429675,25
nihai test,ortalama_3ay,yoy10,16,10.510771549021877,12.479500380871658,1.4491520914942055,0.5622458696715888,106,-1.645863576878459,16
nihai test,ortalama_3ay,yoy11,15,10.745075152492047,13.101922350871147,1.8646474780216986,0.5425301147972057,105,0.5273835099754431,15
nihai test,ortalama_3ay,yoy12,14,11.27992937493983,13.878165315177066,1.29469095791287,0.5465709253175517,104,2.4373228806949143,14
nihai test,ortalama_3ay,yoy2,24,2.9075510718393374,3.548493195641896,0.19866338752849444,0.49417742076864063,124,15.990717499343909,24
nihai test,ortalama_3ay,yoy3,23,4.033006776371852,4.876134957218542,0.4455068457111419,0.49030195667570214,122,16.586355360207506,23
nihai test,ortalama_3ay,yoy4,22,4.628553258819299,5.978019562700122,0.48737493426981326,0.4557939137052976,119,20.116389578915772,22
nihai test,ortalama_3ay,yoy5,21,5.604662386752843,6.900739383435212,0.3545831146001867,0.47162679408027064,117,19.558830232162826,21
nihai test,ortalama_3ay,yoy6,20,6.594933360675678,7.96452272592722,-0.015059773103380714,0.49115327864329206,114,19.379325947505897,20
nihai test,ortalama_3ay,yoy7,19,7.261710253196913,8.837778580199574,0.028454858826845595,0.4897528521855665,112,18.75154183110278,19
nihai test,ortalama_3ay,yoy8,18,8.589996000095056,10.350470469344172,0.03635785806603842,0.5273362912322107,109,10.211857177865834,18
nihai test,ortalama_3ay,yoy9,17,9.7139229627953,11.595005551988976,0.6111809802367304,0.5541055528252397,107,1.1364850151494799,17
nihai test,ortalama_6ay,c12,14,10.127220913250662,13.382818231516508,3.982048714115776,0.49079257506943647,104,12.407360788052912,14
nihai test,ortalama_6ay,c6,20,4.870439852322406,6.548170170587596,0.9421340298582178,0.4439805824825709,114,28.79548503881978,20
nihai test,ortalama_6ay,m1,25,1.101085462725321,1.4065484845142022,0.1397358684952941,0.49384730806381877,127,27.141421834615187,25
nihai test,ortalama_6ay,m10,16,1.043083262296685,1.3316700384427373,0.15685647778816358,0.44977655454280174,106,8.393991872333995,16
nihai test,ortalama_6ay,m11,15,0.9107779767199659,1.1254531738354354,0.09345049183417044,0.3892214509515203,105,9.854903592169773,15
nihai test,ortalama_6ay,m12,14,0.9151840954492689,1.2305827900025494,0.12336919516563771,0.38955338697186864,104,13.5138489308536,14
nihai test,ortalama_6ay,m2,24,1.1155417084052182,1.4512074262499521,0.1321837860916433,0.498952725642032,124,27.71692346270499,24
nihai test,ortalama_6ay,m3,23,1.223076498694932,1.5620362231214306,0.15620022495609856,0.5425256547763011,122,21.29186563744472,23
nihai test,ortalama_6ay,m4,22,1.1599302205155415,1.436965388916919,0.07870125899647111,0.5140649383768193,119,20.500252809008725,22
nihai test,ortalama_6ay,m5,21,1.1595975641540044,1.3699695054552878,0.000188640569976314,0.5172824052135642,117,12.274174052696662,21
nihai test,ortalama_6ay,m6,20,1.0736047702475902,1.307461378066443,-0.029823216297689338,0.4739019788993164,114,17.215698547457325,20
nihai test,ortalama_6ay,m7,19,0.8973341868754643,1.1643390412568384,-0.02477001881178029,0.3943052207683214,112,27.451737392359277,19
nihai test,ortalama_6ay,m8,18,0.9702550180474445,1.219180114571184,0.0695234747779096,0.42296128665448934,109,16.32286130851788,18
nihai test,ortalama_6ay,m9,17,1.0126238380876225,1.2951276793418813,0.15616367914523097,0.4416379217514249,107,9.439711465676359,17
nihai test,ortalama_6ay,yearend,5,5.9967298603738755,8.410923240571845,5.71429261155825,0.6758628227972694,29,13.468354453663656,5
nihai test,ortalama_6ay,yoy1,25,1.5474777400958541,1.9948442538632682,0.25973385256065595,0.4898176866300256,127,27.529820589983178,25
nihai test,ortalama_6ay,yoy10,16,8.495635074619996,11.59008592331185,3.0530830345307973,0.4546163666714428,106,17.84179117905683,16
nihai test,ortalama_6ay,yoy11,15,8.854316508855021,12.338535047057842,3.690756699798996,0.447302054817961,105,18.031096305328475,15
nihai test,ortalama_6ay,yoy12,14,10.127220913250662,13.382818231516508,3.982048714115776,0.49079257506943647,104,12.407360788052912,14
nihai test,ortalama_6ay,yoy2,24,2.6456016583329234,3.4301723761291965,0.5595128067579326,0.4495138599496579,124,23.559348878953777,24
nihai test,ortalama_6ay,yoy3,23,3.698136470536012,4.924042306367515,0.9230036363284588,0.4499775691738789,122,23.512391997452642,23
nihai test,ortalama_6ay,yoy4,22,4.3276089330141865,6.12307405241096,1.2066430127843966,0.42517015971373784,119,25.310349318980197,22
nihai test,ortalama_6ay,yoy5,21,5.131560617790292,7.197903019717405,1.3164231417060843,0.43139623771580976,117,26.349044715827663,21
nihai test,ortalama_6ay,yoy6,20,5.870469381610045,8.117652270250582,1.3922445240615344,0.4376362432640074,114,28.235635954714112,20
nihai test,ortalama_6ay,yoy7,19,6.104304334033516,8.429475758572067,1.8161345696008213,0.41209721850787107,112,31.701307537629287,19
nihai test,ortalama_6ay,yoy8,18,6.909352487117608,9.245265986699302,2.193172704605681,0.4244454406087649,109,27.779020163115486,18
nihai test,ortalama_6ay,yoy9,17,7.717925308962343,10.399153143529645,2.704878145181818,0.44072246289229333,107,21.45076429399776,17
